State,County,POP_ESTIMATE
AK,Aleutians East,"3,337"
AK,Aleutians West,"5,634"
AK,Anchorage,"288,000"
AK,Bethel,"18,386"
AK,Bristol Bay,836
AK,Denali,"2,097"
AK,Dillingham,"4,916"
AK,Fairbanks North Star,"96,849"
AK,Haines,"2,530"
AK,Hoonah-Angoon Census Area,"2,148"
AK,Juneau,"31,974"
AK,Kenai Peninsula,"58,708"
AK,Ketchikan Gateway,"13,901"
AK,Kodiak Island,"12,998"
AK,Kusilvak Census Area,"8,314"
AK,Lake and Peninsula,"1,592"
AK,Matanuska-Susitna,"108,317"
AK,Nome,"10,004"
AK,North Slope,"9,832"
AK,Northwest Arctic,"7,621"
AK,Petersburg Borough,"3,266"
AK,Prince of Wales-Hyder,"6,203"
AK,Sitka,"8,493"
AK,Skagway,"1,183"
AK,Southeast Fairbanks,"6,893"
AK,Valdez-Cordova,"9,202"
AK,Wrangell,"2,502"
AK,Yakutat,579
AK,Yukon-Koyukuk,"5,230"
AL,Autauga ,"55,869"
AL,Baldwin ,"223,234"
AL,Barbour ,"24,686"
AL,Bibb ,"22,394"
AL,Blount ,"57,826"
AL,Bullock ,"10,101"
AL,Butler ,"19,448"
AL,Calhoun ,"113,605"
AL,Chambers ,"33,254"
AL,Cherokee ,"26,196"
AL,Chilton ,"44,428"
AL,Choctaw ,"12,589"
AL,Clarke ,"23,622"
AL,Clay ,"13,235"
AL,Cleburne ,"14,910"
AL,Coffee ,"52,342"
AL,Colbert ,"55,241"
AL,Conecuh ,"12,067"
AL,Coosa ,"10,663"
AL,Covington ,"37,049"
AL,Crenshaw ,"13,772"
AL,Cullman ,"83,768"
AL,Dale ,"49,172"
AL,Dallas ,"37,196"
AL,DeKalb ,"71,513"
AL,Elmore ,"81,209"
AL,Escambia ,"36,633"
AL,Etowah ,"102,268"
AL,Fayette ,"16,302"
AL,Franklin ,"31,362"
AL,Geneva ,"26,271"
AL,Greene ,"8,111"
AL,Hale ,"14,651"
AL,Henry ,"17,205"
AL,Houston ,"105,882"
AL,Jackson ,"51,626"
AL,Jefferson ,"658,573"
AL,Lamar ,"13,805"
AL,Lauderdale ,"92,729"
AL,Lawrence ,"32,924"
AL,Lee ,"164,542"
AL,Limestone ,"98,915"
AL,Lowndes ,"9,726"
AL,Macon ,"18,068"
AL,Madison ,"372,909"
AL,Marengo ,"18,863"
AL,Marion ,"29,709"
AL,Marshall ,"96,774"
AL,Mobile ,"413,210"
AL,Monroe ,"20,733"
AL,Montgomery ,"226,486"
AL,Morgan ,"119,679"
AL,Perry ,"8,923"
AL,Pickens ,"19,930"
AL,Pike ,"33,114"
AL,Randolph ,"22,722"
AL,Russell ,"57,961"
AL,St. Clair ,"89,512"
AL,Shelby ,"217,702"
AL,Sumter ,"12,427"
AL,Talladega ,"79,978"
AL,Tallapoosa ,"40,367"
AL,Tuscaloosa ,"209,355"
AL,Walker ,"63,521"
AL,Washington ,"16,326"
AL,Wilcox ,"10,373"
AL,Winston ,"23,629"
AR,Arkansas ,"17,486"
AR,Ashley ,"19,657"
AR,Baxter ,"41,932"
AR,Benton ,"279,141"
AR,Boone ,"37,432"
AR,Bradley ,"10,763"
AR,Calhoun ,"5,189"
AR,Carroll ,"28,380"
AR,Chicot ,"10,118"
AR,Clark ,"22,320"
AR,Clay ,"14,551"
AR,Cleburne ,"24,919"
AR,Cleveland ,"7,956"
AR,Columbia ,"23,457"
AR,Conway ,"20,846"
AR,Craighead ,"110,332"
AR,Crawford ,"63,257"
AR,Crittenden ,"47,955"
AR,Cross ,"16,419"
AR,Dallas ,"7,009"
AR,Desha ,"11,361"
AR,Drew ,"18,219"
AR,Faulkner ,"126,007"
AR,Franklin ,"17,715"
AR,Fulton ,"12,477"
AR,Garland ,"99,386"
AR,Grant ,"18,265"
AR,Greene ,"45,325"
AR,Hempstead ,"21,532"
AR,Hot Spring ,"33,771"
AR,Howard ,"13,202"
AR,Independence ,"37,825"
AR,Izard ,"13,629"
AR,Jackson ,"16,719"
AR,Jefferson ,"66,824"
AR,Johnson ,"26,578"
AR,Lafayette ,"6,624"
AR,Lawrence ,"16,406"
AR,Lee ,"8,857"
AR,Lincoln ,"13,024"
AR,Little River ,"12,259"
AR,Logan ,"21,466"
AR,Lonoke ,"73,309"
AR,Madison ,"16,576"
AR,Marion ,"16,694"
AR,Miller ,"43,257"
AR,Mississippi ,"40,651"
AR,Monroe ,"6,701"
AR,Montgomery ,"8,986"
AR,Nevada ,"8,252"
AR,Newton ,"7,753"
AR,Ouachita ,"23,382"
AR,Perry ,"10,455"
AR,Phillips ,"17,782"
AR,Pike ,"10,718"
AR,Poinsett ,"23,528"
AR,Polk ,"19,964"
AR,Pope ,"64,072"
AR,Prairie ,"8,062"
AR,Pulaski ,"391,911"
AR,Randolph ,"17,958"
AR,St. Francis ,"24,994"
AR,Saline ,"122,437"
AR,Scott ,"10,281"
AR,Searcy ,"7,881"
AR,Sebastian ,"127,827"
AR,Sevier ,"17,007"
AR,Sharp ,"17,442"
AR,Stone ,"12,506"
AR,Union ,"38,682"
AR,Van Buren ,"16,545"
AR,Washington ,"239,187"
AR,White ,"78,753"
AR,Woodruff ,"6,320"
AR,Yell ,"21,341"
AZ,Apache ,"71,887"
AZ,Cochise ,"125,922"
AZ,Coconino ,"143,476"
AZ,Gila ,"54,018"
AZ,Graham ,"38,837"
AZ,Greenlee ,"9,498"
AZ,La Paz ,"21,108"
AZ,Maricopa ,"4,485,414"
AZ,Mohave ,"212,181"
AZ,Navajo ,"110,924"
AZ,Pima ,"1,047,279"
AZ,Pinal ,"462,789"
AZ,Santa Cruz ,"46,498"
AZ,Yavapai ,"235,099"
AZ,Yuma ,"213,787"
CA,Alameda ,"1,671,329"
CA,Alpine ,"1,129"
CA,Amador ,"39,752"
CA,Butte ,"219,186"
CA,Calaveras ,"45,905"
CA,Colusa ,"21,547"
CA,Contra Costa ,"1,153,526"
CA,Del Norte ,"27,812"
CA,El Dorado ,"192,843"
CA,Fresno ,"999,101"
CA,Glenn ,"28,393"
CA,Humboldt ,"135,558"
CA,Imperial ,"181,215"
CA,Inyo ,"18,039"
CA,Kern ,"900,202"
CA,Kings ,"152,940"
CA,Lake ,"64,386"
CA,Lassen ,"30,573"
CA,Los Angeles ,"10,039,107"
CA,Madera ,"157,327"
CA,Marin ,"258,826"
CA,Mariposa ,"17,203"
CA,Mendocino ,"86,749"
CA,Merced ,"277,680"
CA,Modoc ,"8,841"
CA,Mono ,"14,444"
CA,Monterey ,"434,061"
CA,Napa ,"137,744"
CA,Nevada ,"99,755"
CA,Orange ,"3,175,692"
CA,Placer ,"398,329"
CA,Plumas ,"18,807"
CA,Riverside ,"2,470,546"
CA,Sacramento ,"1,552,058"
CA,San Benito ,"62,808"
CA,San Bernardino ,"2,180,085"
CA,San Diego ,"3,338,330"
CA,San Francisco ,"881,549"
CA,San Joaquin ,"762,148"
CA,San Luis Obispo ,"283,111"
CA,San Mateo ,"766,573"
CA,Santa Barbara ,"446,499"
CA,Santa Clara ,"1,927,852"
CA,Santa Cruz ,"273,213"
CA,Shasta ,"180,080"
CA,Sierra ,"3,005"
CA,Siskiyou ,"43,539"
CA,Solano ,"447,643"
CA,Sonoma ,"494,336"
CA,Stanislaus ,"550,660"
CA,Sutter ,"96,971"
CA,Tehama ,"65,084"
CA,Trinity ,"12,285"
CA,Tulare ,"466,195"
CA,Tuolumne ,"54,478"
CA,Ventura ,"846,006"
CA,Yolo ,"220,500"
CA,Yuba ,"78,668"
CO,Adams ,"517,421"
CO,Alamosa ,"16,233"
CO,Arapahoe ,"656,590"
CO,Archuleta ,"14,029"
CO,Baca ,"3,581"
CO,Bent ,"5,577"
CO,Boulder ,"326,196"
CO,Broomfield ,"70,465"
CO,Chaffee ,"20,356"
CO,Cheyenne ,"1,831"
CO,Clear Creek ,"9,700"
CO,Conejos ,"8,205"
CO,Costilla ,"3,887"
CO,Crowley ,"6,061"
CO,Custer ,"5,068"
CO,Delta ,"31,162"
CO,Denver ,"727,211"
CO,Dolores ,"2,055"
CO,Douglas ,"351,154"
CO,Eagle ,"55,127"
CO,Elbert ,"26,729"
CO,El Paso ,"720,403"
CO,Fremont ,"47,839"
CO,Garfield ,"60,061"
CO,Gilpin ,"6,243"
CO,Grand ,"15,734"
CO,Gunnison ,"17,462"
CO,Hinsdale ,820
CO,Huerfano ,"6,897"
CO,Jackson ,"1,392"
CO,Jefferson ,"582,881"
CO,Kiowa ,"1,406"
CO,Kit Carson ,"7,097"
CO,Lake ,"8,127"
CO,La Plata ,"56,221"
CO,Larimer ,"356,899"
CO,Las Animas ,"14,506"
CO,Lincoln ,"5,701"
CO,Logan ,"22,409"
CO,Mesa ,"154,210"
CO,Mineral ,769
CO,Moffat ,"13,283"
CO,Montezuma ,"26,183"
CO,Montrose ,"42,758"
CO,Morgan ,"29,068"
CO,Otero ,"18,278"
CO,Ouray ,"4,952"
CO,Park ,"18,845"
CO,Phillips ,"4,265"
CO,Pitkin ,"17,767"
CO,Prowers ,"12,172"
CO,Pueblo ,"168,424"
CO,Rio Blanco ,"6,324"
CO,Rio Grande ,"11,267"
CO,Routt ,"25,638"
CO,Saguache ,"6,824"
CO,San Juan ,728
CO,San Miguel ,"8,179"
CO,Sedgwick ,"2,248"
CO,Summit ,"31,011"
CO,Teller ,"25,388"
CO,Washington ,"4,908"
CO,Weld ,"324,492"
CO,Yuma ,"10,019"
CT,Fairfield ,"943,332"
CT,Hartford ,"891,720"
CT,Litchfield ,"180,333"
CT,Middlesex ,"162,436"
CT,New Haven ,"854,757"
CT,New London ,"265,206"
CT,Tolland ,"150,721"
CT,Windham ,"116,782"
DC,District of Columbia,"705,749"
DE,Kent ,"180,786"
DE,New Castle ,"558,753"
DE,Sussex ,"234,225"
FL,Alachua ,"269,043"
FL,Baker ,"29,210"
FL,Bay ,"174,705"
FL,Bradford ,"28,201"
FL,Brevard ,"601,942"
FL,Broward ,"1,952,778"
FL,Calhoun ,"14,105"
FL,Charlotte ,"188,910"
FL,Citrus ,"149,657"
FL,Clay ,"219,252"
FL,Collier ,"384,902"
FL,Columbia ,"71,686"
FL,DeSoto ,"38,001"
FL,Dixie ,"16,826"
FL,Duval ,"957,755"
FL,Escambia ,"318,316"
FL,Flagler ,"115,081"
FL,Franklin ,"12,125"
FL,Gadsden ,"45,660"
FL,Gilchrist ,"18,582"
FL,Glades ,"13,811"
FL,Gulf ,"13,639"
FL,Hamilton ,"14,428"
FL,Hardee ,"26,937"
FL,Hendry ,"42,022"
FL,Hernando ,"193,920"
FL,Highlands ,"106,221"
FL,Hillsborough ,"1,471,968"
FL,Holmes ,"19,617"
FL,Indian River ,"159,923"
FL,Jackson ,"46,414"
FL,Jefferson ,"14,246"
FL,Lafayette ,"8,422"
FL,Lake ,"367,118"
FL,Lee ,"770,577"
FL,Leon ,"293,582"
FL,Levy ,"41,503"
FL,Liberty ,"8,354"
FL,Madison ,"18,493"
FL,Manatee ,"403,253"
FL,Marion ,"365,579"
FL,Martin ,"161,000"
FL,Miami-Dade ,"2,716,940"
FL,Monroe ,"74,228"
FL,Nassau ,"88,625"
FL,Okaloosa ,"210,738"
FL,Okeechobee ,"42,168"
FL,Orange ,"1,393,452"
FL,Osceola ,"375,751"
FL,Palm Beach ,"1,496,770"
FL,Pasco ,"553,947"
FL,Pinellas ,"974,996"
FL,Polk ,"724,777"
FL,Putnam ,"74,521"
FL,St. Johns ,"264,672"
FL,St. Lucie ,"328,297"
FL,Santa Rosa ,"184,313"
FL,Sarasota ,"433,742"
FL,Seminole ,"471,826"
FL,Sumter ,"132,420"
FL,Suwannee ,"44,417"
FL,Taylor ,"21,569"
FL,Union ,"15,237"
FL,Volusia ,"553,284"
FL,Wakulla ,"33,739"
FL,Walton ,"74,071"
FL,Washington ,"25,473"
GA,Appling ,"18,386"
GA,Atkinson ,"8,165"
GA,Bacon ,"11,164"
GA,Baker ,"3,038"
GA,Baldwin ,"44,890"
GA,Banks ,"19,234"
GA,Barrow ,"83,240"
GA,Bartow ,"107,738"
GA,Ben Hill ,"16,700"
GA,Berrien ,"19,397"
GA,Bibb ,"153,159"
GA,Bleckley ,"12,873"
GA,Brantley ,"19,109"
GA,Brooks ,"15,457"
GA,Bryan ,"39,627"
GA,Bulloch ,"79,608"
GA,Burke ,"22,383"
GA,Butts ,"24,936"
GA,Calhoun ,"6,189"
GA,Camden ,"54,666"
GA,Candler ,"10,803"
GA,Carroll ,"119,992"
GA,Catoosa ,"67,580"
GA,Charlton ,"13,392"
GA,Chatham ,"289,430"
GA,Chattahoochee ,"10,907"
GA,Chattooga ,"24,789"
GA,Cherokee ,"258,773"
GA,Clarke ,"128,331"
GA,Clay ,"2,834"
GA,Clayton ,"292,256"
GA,Clinch ,"6,618"
GA,Cobb ,"760,141"
GA,Coffee ,"43,273"
GA,Colquitt ,"45,600"
GA,Columbia ,"156,714"
GA,Cook ,"17,270"
GA,Coweta ,"148,509"
GA,Crawford ,"12,404"
GA,Crisp ,"22,372"
GA,Dade ,"16,116"
GA,Dawson ,"26,108"
GA,Decatur ,"26,404"
GA,DeKalb ,"759,297"
GA,Dodge ,"20,605"
GA,Dooly ,"13,390"
GA,Dougherty ,"87,956"
GA,Douglas ,"146,343"
GA,Early ,"10,190"
GA,Echols ,"4,006"
GA,Effingham ,"64,296"
GA,Elbert ,"19,194"
GA,Emanuel ,"22,646"
GA,Evans ,"10,654"
GA,Fannin ,"26,188"
GA,Fayette ,"114,421"
GA,Floyd ,"98,498"
GA,Forsyth ,"244,252"
GA,Franklin ,"23,349"
GA,Fulton ,"1,063,937"
GA,Gilmer ,"31,369"
GA,Glascock ,"2,971"
GA,Glynn ,"85,292"
GA,Gordon ,"57,963"
GA,Grady ,"24,633"
GA,Greene ,"18,324"
GA,Gwinnett ,"936,250"
GA,Habersham ,"45,328"
GA,Hall ,"204,441"
GA,Hancock ,"8,457"
GA,Haralson ,"29,792"
GA,Harris ,"35,236"
GA,Hart ,"26,205"
GA,Heard ,"11,923"
GA,Henry ,"234,561"
GA,Houston ,"157,863"
GA,Irwin ,"9,416"
GA,Jackson ,"72,977"
GA,Jasper ,"14,219"
GA,Jeff Davis ,"15,115"
GA,Jefferson ,"15,362"
GA,Jenkins ,"8,676"
GA,Johnson ,"9,643"
GA,Jones ,"28,735"
GA,Lamar ,"19,077"
GA,Lanier ,"10,423"
GA,Laurens ,"47,546"
GA,Lee ,"29,992"
GA,Liberty ,"61,435"
GA,Lincoln ,"7,921"
GA,Long ,"19,559"
GA,Lowndes ,"117,406"
GA,Lumpkin ,"33,610"
GA,McDuffie ,"21,312"
GA,McIntosh ,"14,378"
GA,Macon ,"12,947"
GA,Madison ,"29,880"
GA,Marion ,"8,359"
GA,Meriwether ,"21,167"
GA,Miller ,"5,718"
GA,Mitchell ,"21,863"
GA,Monroe ,"27,578"
GA,Montgomery ,"9,172"
GA,Morgan ,"19,276"
GA,Murray ,"40,096"
GA,Muscogee ,"195,769"
GA,Newton ,"111,744"
GA,Oconee ,"40,280"
GA,Oglethorpe ,"15,259"
GA,Paulding ,"168,667"
GA,Peach ,"27,546"
GA,Pickens ,"32,591"
GA,Pierce ,"19,465"
GA,Pike ,"18,962"
GA,Polk ,"42,613"
GA,Pulaski ,"11,137"
GA,Putnam ,"22,119"
GA,Quitman ,"2,299"
GA,Rabun ,"17,137"
GA,Randolph ,"6,778"
GA,Richmond ,"202,518"
GA,Rockdale ,"90,896"
GA,Schley ,"5,257"
GA,Screven ,"13,966"
GA,Seminole ,"8,090"
GA,Spalding ,"66,703"
GA,Stephens ,"25,925"
GA,Stewart ,"6,621"
GA,Sumter ,"29,524"
GA,Talbot ,"6,195"
GA,Taliaferro ,"1,537"
GA,Tattnall ,"25,286"
GA,Taylor ,"8,020"
GA,Telfair ,"15,860"
GA,Terrell ,"8,531"
GA,Thomas ,"44,451"
GA,Tift ,"40,644"
GA,Toombs ,"26,830"
GA,Towns ,"12,037"
GA,Treutlen ,"6,901"
GA,Troup ,"69,922"
GA,Turner ,"7,985"
GA,Twiggs ,"8,120"
GA,Union ,"24,511"
GA,Upson ,"26,320"
GA,Walker ,"69,761"
GA,Walton ,"94,593"
GA,Ware ,"35,734"
GA,Warren ,"5,254"
GA,Washington ,"20,374"
GA,Wayne ,"29,927"
GA,Webster ,"2,607"
GA,Wheeler ,"7,855"
GA,White ,"30,798"
GA,Whitfield ,"104,628"
GA,Wilcox ,"8,635"
GA,Wilkes ,"9,777"
GA,Wilkinson ,"8,954"
GA,Worth ,"20,247"
HI,Hawaii ,"201,513"
HI,Honolulu ,"974,563"
HI,Kalawao ,86
HI,Kauai ,"72,293"
HI,Maui ,"167,417"
IA,Adair ,"7,152"
IA,Adams ,"3,602"
IA,Allamakee ,"13,687"
IA,Appanoose ,"12,426"
IA,Audubon ,"5,496"
IA,Benton ,"25,645"
IA,Black Hawk ,"131,228"
IA,Boone ,"26,234"
IA,Bremer ,"25,062"
IA,Buchanan ,"21,175"
IA,Buena Vista ,"19,620"
IA,Butler ,"14,439"
IA,Calhoun ,"9,668"
IA,Carroll ,"20,165"
IA,Cass ,"12,836"
IA,Cedar ,"18,627"
IA,Cerro Gordo ,"42,450"
IA,Cherokee ,"11,235"
IA,Chickasaw ,"11,933"
IA,Clarke ,"9,395"
IA,Clay ,"16,016"
IA,Clayton ,"17,549"
IA,Clinton ,"46,429"
IA,Crawford ,"16,820"
IA,Dallas ,"93,453"
IA,Davis ,"9,000"
IA,Decatur ,"7,870"
IA,Delaware ,"17,011"
IA,Des Moines ,"38,967"
IA,Dickinson ,"17,258"
IA,Dubuque ,"97,311"
IA,Emmet ,"9,208"
IA,Fayette ,"19,650"
IA,Floyd ,"15,642"
IA,Franklin ,"10,070"
IA,Fremont ,"6,960"
IA,Greene ,"8,888"
IA,Grundy ,"12,232"
IA,Guthrie ,"10,689"
IA,Hamilton ,"14,773"
IA,Hancock ,"10,630"
IA,Hardin ,"16,846"
IA,Harrison ,"14,049"
IA,Henry ,"19,954"
IA,Howard ,"9,158"
IA,Humboldt ,"9,558"
IA,Ida ,"6,860"
IA,Iowa ,"16,184"
IA,Jackson ,"19,439"
IA,Jasper ,"37,185"
IA,Jefferson ,"18,295"
IA,Johnson ,"151,140"
IA,Jones ,"20,681"
IA,Keokuk ,"10,246"
IA,Kossuth ,"14,813"
IA,Lee ,"33,657"
IA,Linn ,"226,706"
IA,Louisa ,"11,035"
IA,Lucas ,"8,600"
IA,Lyon ,"11,755"
IA,Madison ,"16,338"
IA,Mahaska ,"22,095"
IA,Marion ,"33,253"
IA,Marshall ,"39,369"
IA,Mills ,"15,109"
IA,Mitchell ,"10,586"
IA,Monona ,"8,615"
IA,Monroe ,"7,707"
IA,Montgomery ,"9,917"
IA,Muscatine ,"42,664"
IA,O'Brien ,"13,753"
IA,Osceola ,"5,958"
IA,Page ,"15,107"
IA,Palo Alto ,"8,886"
IA,Plymouth ,"25,177"
IA,Pocahontas ,"6,619"
IA,Polk ,"490,161"
IA,Pottawattamie ,"93,206"
IA,Poweshiek ,"18,504"
IA,Ringgold ,"4,894"
IA,Sac ,"9,721"
IA,Scott ,"172,943"
IA,Shelby ,"11,454"
IA,Sioux ,"34,855"
IA,Story ,"97,117"
IA,Tama ,"16,854"
IA,Taylor ,"6,121"
IA,Union ,"12,241"
IA,Van Buren ,"7,044"
IA,Wapello ,"34,969"
IA,Warren ,"51,466"
IA,Washington ,"21,965"
IA,Wayne ,"6,441"
IA,Webster ,"35,904"
IA,Winnebago ,"10,354"
IA,Winneshiek ,"19,991"
IA,Woodbury ,"103,107"
IA,Worth ,"7,381"
IA,Wright ,"12,562"
ID,Ada ,"481,587"
ID,Adams ,"4,294"
ID,Bannock ,"87,808"
ID,Bear Lake ,"6,125"
ID,Benewah ,"9,298"
ID,Bingham ,"46,811"
ID,Blaine ,"23,021"
ID,Boise ,"7,831"
ID,Bonner ,"45,739"
ID,Bonneville ,"119,062"
ID,Boundary ,"12,245"
ID,Butte ,"2,597"
ID,Camas ,"1,106"
ID,Canyon ,"229,849"
ID,Caribou ,"7,155"
ID,Cassia ,"24,030"
ID,Clark ,845
ID,Clearwater ,"8,756"
ID,Custer ,"4,315"
ID,Elmore ,"27,511"
ID,Franklin ,"13,876"
ID,Fremont ,"13,099"
ID,Gem ,"18,112"
ID,Gooding ,"15,179"
ID,Idaho ,"16,667"
ID,Jefferson ,"29,871"
ID,Jerome ,"24,412"
ID,Kootenai ,"165,697"
ID,Latah ,"40,108"
ID,Lemhi ,"8,027"
ID,Lewis ,"3,838"
ID,Lincoln ,"5,366"
ID,Madison ,"39,907"
ID,Minidoka ,"21,039"
ID,Nez Perce ,"40,408"
ID,Oneida ,"4,531"
ID,Owyhee ,"11,823"
ID,Payette ,"23,951"
ID,Power ,"7,681"
ID,Shoshone ,"12,882"
ID,Teton ,"12,142"
ID,Twin Falls ,"86,878"
ID,Valley ,"11,392"
ID,Washington ,"10,194"
IL,Adams ,"65,435"
IL,Alexander ,"5,761"
IL,Bond ,"16,426"
IL,Boone ,"53,544"
IL,Brown ,"6,578"
IL,Bureau ,"32,628"
IL,Calhoun ,"4,739"
IL,Carroll ,"14,305"
IL,Cass ,"12,147"
IL,Champaign ,"209,689"
IL,Christian ,"32,304"
IL,Clark ,"15,441"
IL,Clay ,"13,184"
IL,Clinton ,"37,562"
IL,Coles ,"50,621"
IL,Cook ,"5,150,233"
IL,Crawford ,"18,667"
IL,Cumberland ,"10,766"
IL,DeKalb ,"104,897"
IL,De Witt ,"15,638"
IL,Douglas ,"19,465"
IL,DuPage ,"922,921"
IL,Edgar ,"17,161"
IL,Edwards ,"6,395"
IL,Effingham ,"34,008"
IL,Fayette ,"21,336"
IL,Ford ,"12,961"
IL,Franklin ,"38,469"
IL,Fulton ,"34,340"
IL,Gallatin ,"4,828"
IL,Greene ,"12,969"
IL,Grundy ,"51,054"
IL,Hamilton ,"8,116"
IL,Hancock ,"17,708"
IL,Hardin ,"3,821"
IL,Henderson ,"6,646"
IL,Henry ,"48,913"
IL,Iroquois ,"27,114"
IL,Jackson ,"56,750"
IL,Jasper ,"9,610"
IL,Jefferson ,"37,684"
IL,Jersey ,"21,773"
IL,Jo Daviess ,"21,235"
IL,Johnson ,"12,417"
IL,Kane ,"532,403"
IL,Kankakee ,"109,862"
IL,Kendall ,"128,990"
IL,Knox ,"49,699"
IL,Lake ,"696,535"
IL,LaSalle ,"108,669"
IL,Lawrence ,"15,678"
IL,Lee ,"34,096"
IL,Livingston ,"35,648"
IL,Logan ,"28,618"
IL,McDonough ,"29,682"
IL,McHenry ,"307,774"
IL,McLean ,"171,517"
IL,Macon ,"104,009"
IL,Macoupin ,"44,926"
IL,Madison ,"262,966"
IL,Marion ,"37,205"
IL,Marshall ,"11,438"
IL,Mason ,"13,359"
IL,Massac ,"13,772"
IL,Menard ,"12,196"
IL,Mercer ,"15,437"
IL,Monroe ,"34,637"
IL,Montgomery ,"28,414"
IL,Morgan ,"33,658"
IL,Moultrie ,"14,501"
IL,Ogle ,"50,643"
IL,Peoria ,"179,179"
IL,Perry ,"20,916"
IL,Piatt ,"16,344"
IL,Pike ,"15,561"
IL,Pope ,"4,177"
IL,Pulaski ,"5,335"
IL,Putnam ,"5,739"
IL,Randolph ,"31,782"
IL,Richland ,"15,513"
IL,Rock Island ,"141,879"
IL,St. Clair ,"259,686"
IL,Saline ,"23,491"
IL,Sangamon ,"194,672"
IL,Schuyler ,"6,768"
IL,Scott ,"4,951"
IL,Shelby ,"21,634"
IL,Stark ,"5,342"
IL,Stephenson ,"44,498"
IL,Tazewell ,"131,803"
IL,Union ,"16,653"
IL,Vermilion ,"75,758"
IL,Wabash ,"11,520"
IL,Warren ,"16,844"
IL,Washington ,"13,887"
IL,Wayne ,"16,215"
IL,White ,"13,537"
IL,Whiteside ,"55,175"
IL,Will ,"690,743"
IL,Williamson ,"66,597"
IL,Winnebago ,"282,572"
IL,Woodford ,"38,459"
IN,Adams ,"35,777"
IN,Allen ,"379,299"
IN,Bartholomew ,"83,779"
IN,Benton ,"8,748"
IN,Blackford ,"11,758"
IN,Boone ,"67,843"
IN,Brown ,"15,092"
IN,Carroll ,"20,257"
IN,Cass ,"37,689"
IN,Clark ,"118,302"
IN,Clay ,"26,225"
IN,Clinton ,"32,399"
IN,Crawford ,"10,577"
IN,Daviess ,"33,351"
IN,Dearborn ,"49,458"
IN,Decatur ,"26,559"
IN,DeKalb ,"43,475"
IN,Delaware ,"114,135"
IN,Dubois ,"42,736"
IN,Elkhart ,"206,341"
IN,Fayette ,"23,102"
IN,Floyd ,"78,522"
IN,Fountain ,"16,346"
IN,Franklin ,"22,758"
IN,Fulton ,"19,974"
IN,Gibson ,"33,659"
IN,Grant ,"65,769"
IN,Greene ,"31,922"
IN,Hamilton ,"338,011"
IN,Hancock ,"78,168"
IN,Harrison ,"40,515"
IN,Hendricks ,"170,311"
IN,Henry ,"47,972"
IN,Howard ,"82,544"
IN,Huntington ,"36,520"
IN,Jackson ,"44,231"
IN,Jasper ,"33,562"
IN,Jay ,"20,436"
IN,Jefferson ,"32,308"
IN,Jennings ,"27,735"
IN,Johnson ,"158,167"
IN,Knox ,"36,594"
IN,Kosciusko ,"79,456"
IN,LaGrange ,"39,614"
IN,Lake ,"485,493"
IN,LaPorte ,"109,888"
IN,Lawrence ,"45,370"
IN,Madison ,"129,569"
IN,Marion ,"964,582"
IN,Marshall ,"46,258"
IN,Martin ,"10,255"
IN,Miami ,"35,516"
IN,Monroe ,"148,431"
IN,Montgomery ,"38,338"
IN,Morgan ,"70,489"
IN,Newton ,"13,984"
IN,Noble ,"47,744"
IN,Ohio ,"5,875"
IN,Orange ,"19,646"
IN,Owen ,"20,799"
IN,Parke ,"16,937"
IN,Perry ,"19,169"
IN,Pike ,"12,389"
IN,Porter ,"170,389"
IN,Posey ,"25,427"
IN,Pulaski ,"12,353"
IN,Putnam ,"37,576"
IN,Randolph ,"24,665"
IN,Ripley ,"28,324"
IN,Rush ,"16,581"
IN,St. Joseph ,"271,826"
IN,Scott ,"23,873"
IN,Shelby ,"44,729"
IN,Spencer ,"20,277"
IN,Starke ,"22,995"
IN,Steuben ,"34,594"
IN,Sullivan ,"20,669"
IN,Switzerland ,"10,751"
IN,Tippecanoe ,"195,732"
IN,Tipton ,"15,148"
IN,Union ,"7,054"
IN,Vanderburgh ,"181,451"
IN,Vermillion ,"15,498"
IN,Vigo ,"107,038"
IN,Wabash ,"30,996"
IN,Warren ,"8,265"
IN,Warrick ,"62,998"
IN,Washington ,"28,036"
IN,Wayne ,"65,884"
IN,Wells ,"28,296"
IN,White ,"24,102"
IN,Whitley ,"33,964"
KS,Allen ,"12,369"
KS,Anderson ,"7,858"
KS,Atchison ,"16,073"
KS,Barber ,"4,427"
KS,Barton ,"25,779"
KS,Bourbon ,"14,534"
KS,Brown ,"9,564"
KS,Butler ,"66,911"
KS,Chase ,"2,648"
KS,Chautauqua ,"3,250"
KS,Cherokee ,"19,939"
KS,Cheyenne ,"2,657"
KS,Clark ,"1,994"
KS,Clay ,"8,002"
KS,Cloud ,"8,786"
KS,Coffey ,"8,179"
KS,Comanche ,"1,700"
KS,Cowley ,"34,908"
KS,Crawford ,"38,818"
KS,Decatur ,"2,827"
KS,Dickinson ,"18,466"
KS,Doniphan ,"7,600"
KS,Douglas ,"122,259"
KS,Edwards ,"2,798"
KS,Elk ,"2,530"
KS,Ellis ,"28,553"
KS,Ellsworth ,"6,102"
KS,Finney ,"36,467"
KS,Ford ,"33,619"
KS,Franklin ,"25,544"
KS,Geary ,"31,670"
KS,Gove ,"2,636"
KS,Graham ,"2,482"
KS,Grant ,"7,150"
KS,Gray ,"5,988"
KS,Greeley ,"1,232"
KS,Greenwood ,"5,982"
KS,Hamilton ,"2,539"
KS,Harper ,"5,436"
KS,Harvey ,"34,429"
KS,Haskell ,"3,968"
KS,Hodgeman ,"1,794"
KS,Jackson ,"13,171"
KS,Jefferson ,"19,043"
KS,Jewell ,"2,879"
KS,Johnson ,"602,401"
KS,Kearny ,"3,838"
KS,Kingman ,"7,152"
KS,Kiowa ,"2,475"
KS,Labette ,"19,618"
KS,Lane ,"1,535"
KS,Leavenworth ,"81,758"
KS,Lincoln ,"2,962"
KS,Linn ,"9,703"
KS,Logan ,"2,794"
KS,Lyon ,"33,195"
KS,McPherson ,"28,542"
KS,Marion ,"11,884"
KS,Marshall ,"9,707"
KS,Meade ,"4,033"
KS,Miami ,"34,237"
KS,Mitchell ,"5,979"
KS,Montgomery ,"31,829"
KS,Morris ,"5,620"
KS,Morton ,"2,587"
KS,Nemaha ,"10,231"
KS,Neosho ,"16,007"
KS,Ness ,"2,750"
KS,Norton ,"5,361"
KS,Osage ,"15,949"
KS,Osborne ,"3,421"
KS,Ottawa ,"5,704"
KS,Pawnee ,"6,414"
KS,Phillips ,"5,234"
KS,Pottawatomie ,"24,383"
KS,Pratt ,"9,164"
KS,Rawlins ,"2,530"
KS,Reno ,"61,998"
KS,Republic ,"4,636"
KS,Rice ,"9,537"
KS,Riley ,"74,232"
KS,Rooks ,"4,920"
KS,Rush ,"3,036"
KS,Russell ,"6,856"
KS,Saline ,"54,224"
KS,Scott ,"4,823"
KS,Sedgwick ,"516,042"
KS,Seward ,"21,428"
KS,Shawnee ,"176,875"
KS,Sheridan ,"2,521"
KS,Sherman ,"5,917"
KS,Smith ,"3,583"
KS,Stafford ,"4,156"
KS,Stanton ,"2,006"
KS,Stevens ,"5,485"
KS,Sumner ,"22,836"
KS,Thomas ,"7,777"
KS,Trego ,"2,803"
KS,Wabaunsee ,"6,931"
KS,Wallace ,"1,518"
KS,Washington ,"5,406"
KS,Wichita ,"2,119"
KS,Wilson ,"8,525"
KS,Woodson ,"3,138"
KS,Wyandotte ,"165,429"
KY,Adair ,"19,202"
KY,Allen ,"21,315"
KY,Anderson ,"22,747"
KY,Ballard ,"7,888"
KY,Barren ,"44,249"
KY,Bath ,"12,500"
KY,Bell ,"26,032"
KY,Boone ,"133,581"
KY,Bourbon ,"19,788"
KY,Boyd ,"46,718"
KY,Boyle ,"30,060"
KY,Bracken ,"8,303"
KY,Breathitt ,"12,630"
KY,Breckinridge ,"20,477"
KY,Bullitt ,"81,676"
KY,Butler ,"12,879"
KY,Caldwell ,"12,747"
KY,Calloway ,"39,001"
KY,Campbell ,"93,584"
KY,Carlisle ,"4,760"
KY,Carroll ,"10,631"
KY,Carter ,"26,797"
KY,Casey ,"16,159"
KY,Christian ,"70,461"
KY,Clark ,"36,263"
KY,Clay ,"19,901"
KY,Clinton ,"10,218"
KY,Crittenden ,"8,806"
KY,Cumberland ,"6,614"
KY,Daviess ,"101,511"
KY,Edmonson ,"12,150"
KY,Elliott ,"7,517"
KY,Estill ,"14,106"
KY,Fayette ,"323,152"
KY,Fleming ,"14,581"
KY,Floyd ,"35,589"
KY,Franklin ,"50,991"
KY,Fulton ,"5,969"
KY,Gallatin ,"8,869"
KY,Garrard ,"17,666"
KY,Grant ,"25,069"
KY,Graves ,"37,266"
KY,Grayson ,"26,427"
KY,Green ,"10,941"
KY,Greenup ,"35,098"
KY,Hancock ,"8,722"
KY,Hardin ,"110,958"
KY,Harlan ,"26,010"
KY,Harrison ,"18,886"
KY,Hart ,"19,035"
KY,Henderson ,"45,210"
KY,Henry ,"16,126"
KY,Hickman ,"4,380"
KY,Hopkins ,"44,686"
KY,Jackson ,"13,329"
KY,Jefferson ,"766,757"
KY,Jessamine ,"54,115"
KY,Johnson ,"22,188"
KY,Kenton ,"166,998"
KY,Knott ,"14,806"
KY,Knox ,"31,145"
KY,Larue ,"14,398"
KY,Laurel ,"60,813"
KY,Lawrence ,"15,317"
KY,Lee ,"7,403"
KY,Leslie ,"9,877"
KY,Letcher ,"21,553"
KY,Lewis ,"13,275"
KY,Lincoln ,"24,549"
KY,Livingston ,"9,194"
KY,Logan ,"27,102"
KY,Lyon ,"8,210"
KY,McCracken ,"65,418"
KY,McCreary ,"17,231"
KY,McLean ,"9,207"
KY,Madison ,"92,987"
KY,Magoffin ,"12,161"
KY,Marion ,"19,273"
KY,Marshall ,"31,100"
KY,Martin ,"11,195"
KY,Mason ,"17,070"
KY,Meade ,"28,572"
KY,Menifee ,"6,489"
KY,Mercer ,"21,933"
KY,Metcalfe ,"10,071"
KY,Monroe ,"10,650"
KY,Montgomery ,"28,157"
KY,Morgan ,"13,309"
KY,Muhlenberg ,"30,622"
KY,Nelson ,"46,233"
KY,Nicholas ,"7,269"
KY,Ohio ,"23,994"
KY,Oldham ,"66,799"
KY,Owen ,"10,901"
KY,Owsley ,"4,415"
KY,Pendleton ,"14,590"
KY,Perry ,"25,758"
KY,Pike ,"57,876"
KY,Powell ,"12,359"
KY,Pulaski ,"64,979"
KY,Robertson ,"2,108"
KY,Rockcastle ,"16,695"
KY,Rowan ,"24,460"
KY,Russell ,"17,923"
KY,Scott ,"57,004"
KY,Shelby ,"49,024"
KY,Simpson ,"18,572"
KY,Spencer ,"19,351"
KY,Taylor ,"25,769"
KY,Todd ,"12,294"
KY,Trigg ,"14,651"
KY,Trimble ,"8,471"
KY,Union ,"14,381"
KY,Warren ,"132,896"
KY,Washington ,"12,095"
KY,Wayne ,"20,333"
KY,Webster ,"12,942"
KY,Whitley ,"36,264"
KY,Wolfe ,"7,157"
KY,Woodford ,"26,734"
LA,Acadia Parish,"62,045"
LA,Allen Parish,"25,627"
LA,Ascension Parish,"126,604"
LA,Assumption Parish,"21,891"
LA,Avoyelles Parish,"40,144"
LA,Beauregard Parish,"37,497"
LA,Bienville Parish,"13,241"
LA,Bossier Parish,"127,039"
LA,Caddo Parish,"240,204"
LA,Calcasieu Parish,"203,436"
LA,Caldwell Parish,"9,918"
LA,Cameron Parish,"6,973"
LA,Catahoula Parish,"9,494"
LA,Claiborne Parish,"15,670"
LA,Concordia Parish,"19,259"
LA,De Soto Parish,"27,463"
LA,East Baton Rouge Parish,"440,059"
LA,East Carroll Parish,"6,861"
LA,East Feliciana Parish,"19,135"
LA,Evangeline Parish,"33,395"
LA,Franklin Parish,"20,015"
LA,Grant Parish,"22,389"
LA,Iberia Parish,"69,830"
LA,Iberville Parish,"32,511"
LA,Jackson Parish,"15,744"
LA,Jefferson Parish,"432,493"
LA,Jefferson Davis Parish,"31,368"
LA,Lafayette Parish,"244,390"
LA,Lafourche Parish,"97,614"
LA,LaSalle Parish,"14,892"
LA,Lincoln Parish,"46,742"
LA,Livingston Parish,"140,789"
LA,Madison Parish,"10,951"
LA,Morehouse Parish,"24,874"
LA,Natchitoches Parish,"38,158"
LA,Orleans Parish,"390,144"
LA,Ouachita Parish,"153,279"
LA,Plaquemines Parish,"23,197"
LA,Pointe Coupee Parish,"21,730"
LA,Rapides Parish,"129,648"
LA,Red River Parish,"8,442"
LA,Richland Parish,"20,122"
LA,Sabine Parish,"23,884"
LA,St. Bernard Parish,"47,244"
LA,St. Charles Parish,"53,100"
LA,St. Helena Parish,"10,132"
LA,St. James Parish,"21,096"
LA,St. John the Baptist Parish,"42,837"
LA,St. Landry Parish,"82,124"
LA,St. Martin Parish,"53,431"
LA,St. Mary Parish,"49,348"
LA,St. Tammany Parish,"260,419"
LA,Tangipahoa Parish,"134,758"
LA,Tensas Parish,"4,334"
LA,Terrebonne Parish,"110,461"
LA,Union Parish,"22,108"
LA,Vermilion Parish,"59,511"
LA,Vernon Parish,"47,429"
LA,Washington Parish,"46,194"
LA,Webster Parish,"38,340"
LA,West Baton Rouge Parish,"26,465"
LA,West Carroll Parish,"10,830"
LA,West Feliciana Parish,"15,568"
LA,Winn Parish,"13,904"
MA,Barnstable ,"212,990"
MA,Berkshire ,"124,944"
MA,Bristol ,"565,217"
MA,Dukes ,"17,332"
MA,Essex ,"789,034"
MA,Franklin ,"70,180"
MA,Hampden ,"466,372"
MA,Hampshire ,"160,830"
MA,Middlesex ,"1,611,699"
MA,Nantucket ,"11,399"
MA,Norfolk ,"706,775"
MA,Plymouth ,"521,202"
MA,Suffolk ,"803,907"
MA,Worcester ,"830,622"
MD,Allegany ,"70,416"
MD,Anne Arundel ,"579,234"
MD,Baltimore ,"827,370"
MD,Calvert ,"92,525"
MD,Caroline ,"33,406"
MD,Carroll ,"168,447"
MD,Cecil ,"102,855"
MD,Charles ,"163,257"
MD,Dorchester ,"31,929"
MD,Frederick ,"259,547"
MD,Garrett ,"29,014"
MD,Harford ,"255,441"
MD,Howard ,"325,690"
MD,Kent ,"19,422"
MD,Montgomery ,"1,050,688"
MD,Prince George's ,"909,327"
MD,Queen Anne's ,"50,381"
MD,St. Mary's ,"113,510"
MD,Somerset ,"25,616"
MD,Talbot ,"37,181"
MD,Washington ,"151,049"
MD,Wicomico ,"103,609"
MD,Worcester ,"52,276"
MD,Baltimore city,"593,490"
ME,Androscoggin ,"108,277"
ME,Aroostook ,"67,055"
ME,Cumberland ,"295,003"
ME,Franklin ,"30,199"
ME,Hancock ,"54,987"
ME,Kennebec ,"122,302"
ME,Knox ,"39,772"
ME,Lincoln ,"34,634"
ME,Oxford ,"57,975"
ME,Penobscot ,"152,148"
ME,Piscataquis ,"16,785"
ME,Sagadahoc ,"35,856"
ME,Somerset ,"50,484"
ME,Waldo ,"39,715"
ME,Washington ,"31,379"
ME,York ,"207,641"
MI,Alcona ,"10,405"
MI,Alger ,"9,108"
MI,Allegan ,"118,081"
MI,Alpena ,"28,405"
MI,Antrim ,"23,324"
MI,Arenac ,"14,883"
MI,Baraga ,"8,209"
MI,Barry ,"61,550"
MI,Bay ,"103,126"
MI,Benzie ,"17,766"
MI,Berrien ,"153,401"
MI,Branch ,"43,517"
MI,Calhoun ,"134,159"
MI,Cass ,"51,787"
MI,Charlevoix ,"26,143"
MI,Cheboygan ,"25,276"
MI,Chippewa ,"37,349"
MI,Clare ,"30,950"
MI,Clinton ,"79,595"
MI,Crawford ,"14,029"
MI,Delta ,"35,784"
MI,Dickinson ,"25,239"
MI,Eaton ,"110,268"
MI,Emmet ,"33,415"
MI,Genesee ,"405,813"
MI,Gladwin ,"25,449"
MI,Gogebic ,"13,975"
MI,Grand Traverse ,"93,088"
MI,Gratiot ,"40,711"
MI,Hillsdale ,"45,605"
MI,Houghton ,"35,684"
MI,Huron ,"30,981"
MI,Ingham ,"292,406"
MI,Ionia ,"64,697"
MI,Iosco ,"25,127"
MI,Iron ,"11,066"
MI,Isabella ,"69,872"
MI,Jackson ,"158,510"
MI,Kalamazoo ,"265,066"
MI,Kalkaska ,"18,038"
MI,Kent ,"656,955"
MI,Keweenaw ,"2,116"
MI,Lake ,"11,853"
MI,Lapeer ,"87,607"
MI,Leelanau ,"21,761"
MI,Lenawee ,"98,451"
MI,Livingston ,"191,995"
MI,Luce ,"6,229"
MI,Mackinac ,"10,799"
MI,Macomb ,"873,972"
MI,Manistee ,"24,558"
MI,Marquette ,"66,699"
MI,Mason ,"29,144"
MI,Mecosta ,"43,453"
MI,Menominee ,"22,780"
MI,Midland ,"83,156"
MI,Missaukee ,"15,118"
MI,Monroe ,"150,500"
MI,Montcalm ,"63,888"
MI,Montmorency ,"9,328"
MI,Muskegon ,"173,566"
MI,Newaygo ,"48,980"
MI,Oakland ,"1,257,584"
MI,Oceana ,"26,467"
MI,Ogemaw ,"20,997"
MI,Ontonagon ,"5,720"
MI,Osceola ,"23,460"
MI,Oscoda ,"8,241"
MI,Otsego ,"24,668"
MI,Ottawa ,"291,830"
MI,Presque Isle ,"12,592"
MI,Roscommon ,"24,019"
MI,Saginaw ,"190,539"
MI,St. Clair ,"159,128"
MI,St. Joseph ,"60,964"
MI,Sanilac ,"41,170"
MI,Schoolcraft ,"8,094"
MI,Shiawassee ,"68,122"
MI,Tuscola ,"52,245"
MI,Van Buren ,"75,677"
MI,Washtenaw ,"367,601"
MI,Wayne ,"1,749,343"
MI,Wexford ,"33,631"
MN,Aitkin ,"15,886"
MN,Anoka ,"356,921"
MN,Becker ,"34,423"
MN,Beltrami ,"47,188"
MN,Benton ,"40,889"
MN,Big Stone ,"4,991"
MN,Blue Earth ,"67,653"
MN,Brown ,"25,008"
MN,Carlton ,"35,871"
MN,Carver ,"105,089"
MN,Cass ,"29,779"
MN,Chippewa ,"11,800"
MN,Chisago ,"56,579"
MN,Clay ,"64,222"
MN,Clearwater ,"8,818"
MN,Cook ,"5,463"
MN,Cottonwood ,"11,196"
MN,Crow Wing ,"65,055"
MN,Dakota ,"429,021"
MN,Dodge ,"20,934"
MN,Douglas ,"38,141"
MN,Faribault ,"13,653"
MN,Fillmore ,"21,067"
MN,Freeborn ,"30,281"
MN,Goodhue ,"46,340"
MN,Grant ,"5,972"
MN,Hennepin ,"1,265,843"
MN,Houston ,"18,600"
MN,Hubbard ,"21,491"
MN,Isanti ,"40,596"
MN,Itasca ,"45,130"
MN,Jackson ,"9,846"
MN,Kanabec ,"16,337"
MN,Kandiyohi ,"43,199"
MN,Kittson ,"4,298"
MN,Koochiching ,"12,229"
MN,Lac qui Parle ,"6,623"
MN,Lake ,"10,641"
MN,Lake of the Woods ,"3,740"
MN,Le Sueur ,"28,887"
MN,Lincoln ,"5,639"
MN,Lyon ,"25,474"
MN,McLeod ,"35,893"
MN,Mahnomen ,"5,527"
MN,Marshall ,"9,336"
MN,Martin ,"19,683"
MN,Meeker ,"23,222"
MN,Mille Lacs ,"26,277"
MN,Morrison ,"33,386"
MN,Mower ,"40,062"
MN,Murray ,"8,194"
MN,Nicollet ,"34,274"
MN,Nobles ,"21,629"
MN,Norman ,"6,375"
MN,Olmsted ,"158,293"
MN,Otter Tail ,"58,746"
MN,Pennington ,"14,119"
MN,Pine ,"29,579"
MN,Pipestone ,"9,126"
MN,Polk ,"31,364"
MN,Pope ,"11,249"
MN,Ramsey ,"550,321"
MN,Red Lake ,"4,055"
MN,Redwood ,"15,170"
MN,Renville ,"14,548"
MN,Rice ,"66,972"
MN,Rock ,"9,315"
MN,Roseau ,"15,165"
MN,St. Louis ,"199,070"
MN,Scott ,"149,013"
MN,Sherburne ,"97,238"
MN,Sibley ,"14,865"
MN,Stearns ,"161,075"
MN,Steele ,"36,649"
MN,Stevens ,"9,805"
MN,Swift ,"9,266"
MN,Todd ,"24,664"
MN,Traverse ,"3,259"
MN,Wabasha ,"21,627"
MN,Wadena ,"13,682"
MN,Waseca ,"18,612"
MN,Washington ,"262,440"
MN,Watonwan ,"10,897"
MN,Wilkin ,"6,207"
MN,Winona ,"50,484"
MN,Wright ,"138,377"
MN,Yellow Medicine ,"9,709"
MO,Adair ,"25,343"
MO,Andrew ,"17,712"
MO,Atchison ,"5,143"
MO,Audrain ,"25,388"
MO,Barry ,"35,789"
MO,Barton ,"11,754"
MO,Bates ,"16,172"
MO,Benton ,"19,443"
MO,Bollinger ,"12,133"
MO,Boone ,"180,463"
MO,Buchanan ,"87,364"
MO,Butler ,"42,478"
MO,Caldwell ,"9,020"
MO,Callaway ,"44,743"
MO,Camden ,"46,305"
MO,Cape Girardeau ,"78,871"
MO,Carroll ,"8,679"
MO,Carter ,"5,982"
MO,Cass ,"105,780"
MO,Cedar ,"14,349"
MO,Chariton ,"7,426"
MO,Christian ,"88,595"
MO,Clark ,"6,797"
MO,Clay ,"249,948"
MO,Clinton ,"20,387"
MO,Cole ,"76,745"
MO,Cooper ,"17,709"
MO,Crawford ,"23,920"
MO,Dade ,"7,561"
MO,Dallas ,"16,878"
MO,Daviess ,"8,278"
MO,DeKalb ,"12,547"
MO,Dent ,"15,573"
MO,Douglas ,"13,185"
MO,Dunklin ,"29,131"
MO,Franklin ,"103,967"
MO,Gasconade ,"14,706"
MO,Gentry ,"6,571"
MO,Greene ,"293,086"
MO,Grundy ,"9,850"
MO,Harrison ,"8,352"
MO,Henry ,"21,824"
MO,Hickory ,"9,544"
MO,Holt ,"4,403"
MO,Howard ,"10,001"
MO,Howell ,"40,117"
MO,Iron ,"10,125"
MO,Jackson ,"703,011"
MO,Jasper ,"121,328"
MO,Jefferson ,"225,081"
MO,Johnson ,"54,062"
MO,Knox ,"3,959"
MO,Laclede ,"35,723"
MO,Lafayette ,"32,708"
MO,Lawrence ,"38,355"
MO,Lewis ,"9,776"
MO,Lincoln ,"59,013"
MO,Linn ,"11,920"
MO,Livingston ,"15,227"
MO,McDonald ,"22,837"
MO,Macon ,"15,117"
MO,Madison ,"12,088"
MO,Maries ,"8,697"
MO,Marion ,"28,530"
MO,Mercer ,"3,617"
MO,Miller ,"25,619"
MO,Mississippi ,"13,180"
MO,Moniteau ,"16,132"
MO,Monroe ,"8,644"
MO,Montgomery ,"11,551"
MO,Morgan ,"20,627"
MO,New Madrid ,"17,076"
MO,Newton ,"58,236"
MO,Nodaway ,"22,092"
MO,Oregon ,"10,529"
MO,Osage ,"13,615"
MO,Ozark ,"9,174"
MO,Pemiscot ,"15,805"
MO,Perry ,"19,136"
MO,Pettis ,"42,339"
MO,Phelps ,"44,573"
MO,Pike ,"18,302"
MO,Platte ,"104,418"
MO,Polk ,"32,149"
MO,Pulaski ,"52,607"
MO,Putnam ,"4,696"
MO,Ralls ,"10,309"
MO,Randolph ,"24,748"
MO,Ray ,"23,018"
MO,Reynolds ,"6,270"
MO,Ripley ,"13,288"
MO,St. Charles ,"402,022"
MO,St. Clair ,"9,397"
MO,Ste. Genevieve ,"17,894"
MO,St. Francois ,"67,215"
MO,St. Louis ,"994,205"
MO,Saline ,"22,761"
MO,Schuyler ,"4,660"
MO,Scotland ,"4,902"
MO,Scott ,"38,280"
MO,Shannon ,"8,166"
MO,Shelby ,"5,930"
MO,Stoddard ,"29,025"
MO,Stone ,"31,952"
MO,Sullivan ,"6,089"
MO,Taney ,"55,928"
MO,Texas ,"25,398"
MO,Vernon ,"20,563"
MO,Warren ,"35,649"
MO,Washington ,"24,730"
MO,Wayne ,"12,873"
MO,Webster ,"39,592"
MO,Worth ,"2,013"
MO,Wright ,"18,289"
MO,St. Louis city,"300,576"
MS,Adams ,"30,693"
MS,Alcorn ,"36,953"
MS,Amite ,"12,297"
MS,Attala ,"18,174"
MS,Benton ,"8,259"
MS,Bolivar ,"30,628"
MS,Calhoun ,"14,361"
MS,Carroll ,"9,947"
MS,Chickasaw ,"17,103"
MS,Choctaw ,"8,210"
MS,Claiborne ,"8,988"
MS,Clarke ,"15,541"
MS,Clay ,"19,316"
MS,Coahoma ,"22,124"
MS,Copiah ,"28,065"
MS,Covington ,"18,636"
MS,DeSoto ,"184,945"
MS,Forrest ,"74,897"
MS,Franklin ,"7,713"
MS,George ,"24,500"
MS,Greene ,"13,586"
MS,Grenada ,"20,758"
MS,Hancock ,"47,632"
MS,Harrison ,"208,080"
MS,Hinds ,"231,840"
MS,Holmes ,"17,010"
MS,Humphreys ,"8,064"
MS,Issaquena ,"1,327"
MS,Itawamba ,"23,390"
MS,Jackson ,"143,617"
MS,Jasper ,"16,383"
MS,Jefferson ,"6,990"
MS,Jefferson Davis ,"11,128"
MS,Jones ,"68,098"
MS,Kemper ,"9,742"
MS,Lafayette ,"54,019"
MS,Lamar ,"63,343"
MS,Lauderdale ,"74,125"
MS,Lawrence ,"12,586"
MS,Leake ,"22,786"
MS,Lee ,"85,436"
MS,Leflore ,"28,183"
MS,Lincoln ,"34,153"
MS,Lowndes ,"58,595"
MS,Madison ,"106,272"
MS,Marion ,"24,573"
MS,Marshall ,"35,294"
MS,Monroe ,"35,252"
MS,Montgomery ,"9,775"
MS,Neshoba ,"29,118"
MS,Newton ,"21,018"
MS,Noxubee ,"10,417"
MS,Oktibbeha ,"49,587"
MS,Panola ,"34,192"
MS,Pearl River ,"55,535"
MS,Perry ,"11,973"
MS,Pike ,"39,288"
MS,Pontotoc ,"32,174"
MS,Prentiss ,"25,126"
MS,Quitman ,"6,792"
MS,Rankin ,"155,271"
MS,Scott ,"28,124"
MS,Sharkey ,"4,321"
MS,Simpson ,"26,658"
MS,Smith ,"15,916"
MS,Stone ,"18,336"
MS,Sunflower ,"25,110"
MS,Tallahatchie ,"13,809"
MS,Tate ,"28,321"
MS,Tippah ,"22,015"
MS,Tishomingo ,"19,383"
MS,Tunica ,"9,632"
MS,Union ,"28,815"
MS,Walthall ,"14,286"
MS,Warren ,"45,381"
MS,Washington ,"43,909"
MS,Wayne ,"20,183"
MS,Webster ,"9,689"
MS,Wilkinson ,"8,630"
MS,Winston ,"17,955"
MS,Yalobusha ,"12,108"
MS,Yazoo ,"29,690"
MT,Beaverhead ,"9,453"
MT,Big Horn ,"13,319"
MT,Blaine ,"6,681"
MT,Broadwater ,"6,237"
MT,Carbon ,"10,725"
MT,Carter ,"1,252"
MT,Cascade ,"81,366"
MT,Chouteau ,"5,635"
MT,Custer ,"11,402"
MT,Daniels ,"1,690"
MT,Dawson ,"8,613"
MT,Deer Lodge ,"9,140"
MT,Fallon ,"2,846"
MT,Fergus ,"11,050"
MT,Flathead ,"103,806"
MT,Gallatin ,"114,434"
MT,Garfield ,"1,258"
MT,Glacier ,"13,753"
MT,Golden Valley ,821
MT,Granite ,"3,379"
MT,Hill ,"16,484"
MT,Jefferson ,"12,221"
MT,Judith Basin ,"2,007"
MT,Lake ,"30,458"
MT,Lewis and Clark ,"69,432"
MT,Liberty ,"2,337"
MT,Lincoln ,"19,980"
MT,McCone ,"1,664"
MT,Madison ,"8,600"
MT,Meagher ,"1,862"
MT,Mineral ,"4,397"
MT,Missoula ,"119,600"
MT,Musselshell ,"4,633"
MT,Park ,"16,606"
MT,Petroleum ,487
MT,Phillips ,"3,954"
MT,Pondera ,"5,911"
MT,Powder River ,"1,682"
MT,Powell ,"6,890"
MT,Prairie ,"1,077"
MT,Ravalli ,"43,806"
MT,Richland ,"10,803"
MT,Roosevelt ,"11,004"
MT,Rosebud ,"8,937"
MT,Sanders ,"12,113"
MT,Sheridan ,"3,309"
MT,Silver Bow ,"34,915"
MT,Stillwater ,"9,642"
MT,Sweet Grass ,"3,737"
MT,Teton ,"6,147"
MT,Toole ,"4,736"
MT,Treasure ,696
MT,Valley ,"7,396"
MT,Wheatland ,"2,126"
MT,Wibaux ,969
MT,Yellowstone ,"161,300"
NC,Alamance ,"169,509"
NC,Alexander ,"37,497"
NC,Alleghany ,"11,137"
NC,Anson ,"24,446"
NC,Ashe ,"27,203"
NC,Avery ,"17,557"
NC,Beaufort ,"46,994"
NC,Bertie ,"18,947"
NC,Bladen ,"32,722"
NC,Brunswick ,"142,820"
NC,Buncombe ,"261,191"
NC,Burke ,"90,485"
NC,Cabarrus ,"216,453"
NC,Caldwell ,"82,178"
NC,Camden ,"10,867"
NC,Carteret ,"69,473"
NC,Caswell ,"22,604"
NC,Catawba ,"159,551"
NC,Chatham ,"74,470"
NC,Cherokee ,"28,612"
NC,Chowan ,"13,943"
NC,Clay ,"11,231"
NC,Cleveland ,"97,947"
NC,Columbus ,"55,508"
NC,Craven ,"102,139"
NC,Cumberland ,"335,509"
NC,Currituck ,"27,763"
NC,Dare ,"37,009"
NC,Davidson ,"167,609"
NC,Davie ,"42,846"
NC,Duplin ,"58,741"
NC,Durham ,"321,488"
NC,Edgecombe ,"51,472"
NC,Forsyth ,"382,295"
NC,Franklin ,"69,685"
NC,Gaston ,"224,529"
NC,Gates ,"11,562"
NC,Graham ,"8,441"
NC,Granville ,"60,443"
NC,Greene ,"21,069"
NC,Guilford ,"537,174"
NC,Halifax ,"50,010"
NC,Harnett ,"135,976"
NC,Haywood ,"62,317"
NC,Henderson ,"117,417"
NC,Hertford ,"23,677"
NC,Hoke ,"55,234"
NC,Hyde ,"4,937"
NC,Iredell ,"181,806"
NC,Jackson ,"43,938"
NC,Johnston ,"209,339"
NC,Jones ,"9,419"
NC,Lee ,"61,779"
NC,Lenoir ,"55,949"
NC,Lincoln ,"86,111"
NC,McDowell ,"45,756"
NC,Macon ,"35,858"
NC,Madison ,"21,755"
NC,Martin ,"22,440"
NC,Mecklenburg ,"1,110,356"
NC,Mitchell ,"14,964"
NC,Montgomery ,"27,173"
NC,Moore ,"100,880"
NC,Nash ,"94,298"
NC,New Hanover ,"234,473"
NC,Northampton ,"19,483"
NC,Onslow ,"197,938"
NC,Orange ,"148,476"
NC,Pamlico ,"12,726"
NC,Pasquotank ,"39,824"
NC,Pender ,"63,060"
NC,Perquimans ,"13,463"
NC,Person ,"39,490"
NC,Pitt ,"180,742"
NC,Polk ,"20,724"
NC,Randolph ,"143,667"
NC,Richmond ,"44,829"
NC,Robeson ,"130,625"
NC,Rockingham ,"91,010"
NC,Rowan ,"142,088"
NC,Rutherford ,"67,029"
NC,Sampson ,"63,531"
NC,Scotland ,"34,823"
NC,Stanly ,"62,806"
NC,Stokes ,"45,591"
NC,Surry ,"71,783"
NC,Swain ,"14,271"
NC,Transylvania ,"34,385"
NC,Tyrrell ,"4,016"
NC,Union ,"239,859"
NC,Vance ,"44,535"
NC,Wake ,"1,111,761"
NC,Warren ,"19,731"
NC,Washington ,"11,580"
NC,Watauga ,"56,177"
NC,Wayne ,"123,131"
NC,Wilkes ,"68,412"
NC,Wilson ,"81,801"
NC,Yadkin ,"37,667"
NC,Yancey ,"18,069"
ND,Adams ,"2,216"
ND,Barnes ,"10,415"
ND,Benson ,"6,832"
ND,Billings ,928
ND,Bottineau ,"6,282"
ND,Bowman ,"3,024"
ND,Burke ,"2,115"
ND,Burleigh ,"95,626"
ND,Cass ,"181,923"
ND,Cavalier ,"3,762"
ND,Dickey ,"4,872"
ND,Divide ,"2,264"
ND,Dunn ,"4,424"
ND,Eddy ,"2,287"
ND,Emmons ,"3,241"
ND,Foster ,"3,210"
ND,Golden Valley ,"1,761"
ND,Grand Forks ,"69,451"
ND,Grant ,"2,274"
ND,Griggs ,"2,231"
ND,Hettinger ,"2,499"
ND,Kidder ,"2,480"
ND,LaMoure ,"4,046"
ND,Logan ,"1,850"
ND,McHenry ,"5,745"
ND,McIntosh ,"2,497"
ND,McKenzie ,"15,024"
ND,McLean ,"9,450"
ND,Mercer ,"8,187"
ND,Morton ,"31,364"
ND,Mountrail ,"10,545"
ND,Nelson ,"2,879"
ND,Oliver ,"1,959"
ND,Pembina ,"6,801"
ND,Pierce ,"3,975"
ND,Ramsey ,"11,519"
ND,Ransom ,"5,218"
ND,Renville ,"2,327"
ND,Richland ,"16,177"
ND,Rolette ,"14,176"
ND,Sargent ,"3,898"
ND,Sheridan ,"1,315"
ND,Sioux ,"4,230"
ND,Slope ,750
ND,Stark ,"31,489"
ND,Steele ,"1,890"
ND,Stutsman ,"20,704"
ND,Towner ,"2,189"
ND,Traill ,"8,036"
ND,Walsh ,"10,641"
ND,Ward ,"67,641"
ND,Wells ,"3,834"
ND,Williams ,"37,589"
NE,Adams ,"31,363"
NE,Antelope ,"6,298"
NE,Arthur ,463
NE,Banner ,745
NE,Blaine ,465
NE,Boone ,"5,192"
NE,Box Butte ,"10,783"
NE,Boyd ,"1,919"
NE,Brown ,"2,955"
NE,Buffalo ,"49,659"
NE,Burt ,"6,459"
NE,Butler ,"8,016"
NE,Cass ,"26,248"
NE,Cedar ,"8,402"
NE,Chase ,"3,924"
NE,Cherry ,"5,689"
NE,Cheyenne ,"8,910"
NE,Clay ,"6,203"
NE,Colfax ,"10,709"
NE,Cuming ,"8,846"
NE,Custer ,"10,777"
NE,Dakota ,"20,026"
NE,Dawes ,"8,589"
NE,Dawson ,"23,595"
NE,Deuel ,"1,794"
NE,Dixon ,"5,636"
NE,Dodge ,"36,565"
NE,Douglas ,"571,327"
NE,Dundy ,"1,693"
NE,Fillmore ,"5,462"
NE,Franklin ,"2,979"
NE,Frontier ,"2,627"
NE,Furnas ,"4,676"
NE,Gage ,"21,513"
NE,Garden ,"1,837"
NE,Garfield ,"1,969"
NE,Gosper ,"1,990"
NE,Grant ,623
NE,Greeley ,"2,356"
NE,Hall ,"61,353"
NE,Hamilton ,"9,324"
NE,Harlan ,"3,380"
NE,Hayes ,922
NE,Hitchcock ,"2,762"
NE,Holt ,"10,067"
NE,Hooker ,682
NE,Howard ,"6,445"
NE,Jefferson ,"7,046"
NE,Johnson ,"5,071"
NE,Kearney ,"6,495"
NE,Keith ,"8,034"
NE,Keya Paha ,806
NE,Kimball ,"3,632"
NE,Knox ,"8,332"
NE,Lancaster ,"319,090"
NE,Lincoln ,"34,914"
NE,Logan ,748
NE,Loup ,664
NE,McPherson ,494
NE,Madison ,"35,099"
NE,Merrick ,"7,755"
NE,Morrill ,"4,642"
NE,Nance ,"3,519"
NE,Nemaha ,"6,972"
NE,Nuckolls ,"4,148"
NE,Otoe ,"16,012"
NE,Pawnee ,"2,613"
NE,Perkins ,"2,891"
NE,Phelps ,"9,034"
NE,Pierce ,"7,148"
NE,Platte ,"33,470"
NE,Polk ,"5,213"
NE,Red Willow ,"10,724"
NE,Richardson ,"7,865"
NE,Rock ,"1,357"
NE,Saline ,"14,224"
NE,Sarpy ,"187,196"
NE,Saunders ,"21,578"
NE,Scotts Bluff ,"35,618"
NE,Seward ,"17,284"
NE,Sheridan ,"5,246"
NE,Sherman ,"3,001"
NE,Sioux ,"1,166"
NE,Stanton ,"5,920"
NE,Thayer ,"5,003"
NE,Thomas ,722
NE,Thurston ,"7,224"
NE,Valley ,"4,158"
NE,Washington ,"20,729"
NE,Wayne ,"9,385"
NE,Webster ,"3,487"
NE,Wheeler ,783
NE,York ,"13,679"
NH,Belknap ,"61,303"
NH,Carroll ,"48,910"
NH,Cheshire ,"76,085"
NH,Coos ,"31,563"
NH,Grafton ,"89,886"
NH,Hillsborough ,"417,025"
NH,Merrimack ,"151,391"
NH,Rockingham ,"309,769"
NH,Strafford ,"130,633"
NH,Sullivan ,"43,146"
NJ,Atlantic ,"263,670"
NJ,Bergen ,"932,202"
NJ,Burlington ,"445,349"
NJ,Camden ,"506,471"
NJ,Cape May ,"92,039"
NJ,Cumberland ,"149,527"
NJ,Essex ,"798,975"
NJ,Gloucester ,"291,636"
NJ,Hudson ,"672,391"
NJ,Hunterdon ,"124,371"
NJ,Mercer ,"367,430"
NJ,Middlesex ,"825,062"
NJ,Monmouth ,"618,795"
NJ,Morris ,"491,845"
NJ,Ocean ,"607,186"
NJ,Passaic ,"501,826"
NJ,Salem ,"62,385"
NJ,Somerset ,"328,934"
NJ,Sussex ,"140,488"
NJ,Union ,"556,341"
NJ,Warren ,"105,267"
NM,Bernalillo ,"679,121"
NM,Catron ,"3,527"
NM,Chaves ,"64,615"
NM,Cibola ,"26,675"
NM,Colfax ,"11,941"
NM,Curry ,"48,954"
NM,De Baca ,"1,748"
NM,Doña Ana ,"218,195"
NM,Eddy ,"58,460"
NM,Grant ,"26,998"
NM,Guadalupe ,"4,300"
NM,Harding ,625
NM,Hidalgo ,"4,198"
NM,Lea ,"71,070"
NM,Lincoln ,"19,572"
NM,Los Alamos ,"19,369"
NM,Luna ,"23,709"
NM,McKinley ,"71,367"
NM,Mora ,"4,521"
NM,Otero ,"67,490"
NM,Quay ,"8,253"
NM,Rio Arriba ,"38,921"
NM,Roosevelt ,"18,500"
NM,Sandoval ,"146,748"
NM,San Juan ,"123,958"
NM,San Miguel ,"27,277"
NM,Santa Fe ,"150,358"
NM,Sierra ,"10,791"
NM,Socorro ,"16,637"
NM,Taos ,"32,723"
NM,Torrance ,"15,461"
NM,Union ,"4,059"
NM,Valencia ,"76,688"
NV,Churchill ,"24,909"
NV,Clark ,"2,266,715"
NV,Douglas ,"48,905"
NV,Elko ,"52,778"
NV,Esmeralda ,873
NV,Eureka ,"2,029"
NV,Humboldt ,"16,831"
NV,Lander ,"5,532"
NV,Lincoln ,"5,183"
NV,Lyon ,"57,510"
NV,Mineral ,"4,505"
NV,Nye ,"46,523"
NV,Pershing ,"6,725"
NV,Storey ,"4,123"
NV,Washoe ,"471,519"
NV,White Pine ,"9,580"
NV,Carson City,"55,916"
NY,Albany ,"305,506"
NY,Allegany ,"46,091"
NY,Bronx ,"1,418,207"
NY,Broome ,"190,488"
NY,Cattaraugus ,"76,117"
NY,Cayuga ,"76,576"
NY,Chautauqua ,"126,903"
NY,Chemung ,"83,456"
NY,Chenango ,"47,207"
NY,Clinton ,"80,485"
NY,Columbia ,"59,461"
NY,Cortland ,"47,581"
NY,Delaware ,"44,135"
NY,Dutchess ,"294,218"
NY,Erie ,"918,702"
NY,Essex ,"36,885"
NY,Franklin ,"50,022"
NY,Fulton ,"53,383"
NY,Genesee ,"57,280"
NY,Greene ,"47,188"
NY,Hamilton ,"4,416"
NY,Herkimer ,"61,319"
NY,Jefferson ,"109,834"
NY,Kings ,"2,559,903"
NY,Lewis ,"26,296"
NY,Livingston ,"62,914"
NY,Madison ,"70,941"
NY,Monroe ,"741,770"
NY,Montgomery ,"49,221"
NY,Nassau ,"1,356,924"
NY,New York ,"1,628,706"
NY,Niagara ,"209,281"
NY,Oneida ,"228,671"
NY,Onondaga ,"460,528"
NY,Ontario ,"109,777"
NY,Orange ,"384,940"
NY,Orleans ,"40,352"
NY,Oswego ,"117,124"
NY,Otsego ,"59,493"
NY,Putnam ,"98,320"
NY,Queens ,"2,253,858"
NY,Rensselaer ,"158,714"
NY,Richmond ,"476,143"
NY,Rockland ,"325,789"
NY,St. Lawrence ,"107,740"
NY,Saratoga ,"229,863"
NY,Schenectady ,"155,299"
NY,Schoharie ,"30,999"
NY,Schuyler ,"17,807"
NY,Seneca ,"34,016"
NY,Steuben ,"95,379"
NY,Suffolk ,"1,476,601"
NY,Sullivan ,"75,432"
NY,Tioga ,"48,203"
NY,Tompkins ,"102,180"
NY,Ulster ,"177,573"
NY,Warren ,"63,944"
NY,Washington ,"61,204"
NY,Wayne ,"89,918"
NY,Westchester ,"967,506"
NY,Wyoming ,"39,859"
NY,Yates ,"24,913"
OH,Adams ,"27,698"
OH,Allen ,"102,351"
OH,Ashland ,"53,484"
OH,Ashtabula ,"97,241"
OH,Athens ,"65,327"
OH,Auglaize ,"45,656"
OH,Belmont ,"67,006"
OH,Brown ,"43,432"
OH,Butler ,"383,134"
OH,Carroll ,"26,914"
OH,Champaign ,"38,885"
OH,Clark ,"134,083"
OH,Clermont ,"206,428"
OH,Clinton ,"41,968"
OH,Columbiana ,"101,883"
OH,Coshocton ,"36,600"
OH,Crawford ,"41,494"
OH,Cuyahoga ,"1,235,072"
OH,Darke ,"51,113"
OH,Defiance ,"38,087"
OH,Delaware ,"209,177"
OH,Erie ,"74,266"
OH,Fairfield ,"157,574"
OH,Fayette ,"28,525"
OH,Franklin ,"1,316,756"
OH,Fulton ,"42,126"
OH,Gallia ,"29,898"
OH,Geauga ,"93,649"
OH,Greene ,"168,937"
OH,Guernsey ,"38,875"
OH,Hamilton ,"817,473"
OH,Hancock ,"75,783"
OH,Hardin ,"31,365"
OH,Harrison ,"15,040"
OH,Henry ,"27,006"
OH,Highland ,"43,161"
OH,Hocking ,"28,264"
OH,Holmes ,"43,960"
OH,Huron ,"58,266"
OH,Jackson ,"32,413"
OH,Jefferson ,"65,325"
OH,Knox ,"62,322"
OH,Lake ,"230,149"
OH,Lawrence ,"59,463"
OH,Licking ,"176,862"
OH,Logan ,"45,672"
OH,Lorain ,"309,833"
OH,Lucas ,"428,348"
OH,Madison ,"44,731"
OH,Mahoning ,"228,683"
OH,Marion ,"65,093"
OH,Medina ,"179,746"
OH,Meigs ,"22,907"
OH,Mercer ,"41,172"
OH,Miami ,"106,987"
OH,Monroe ,"13,654"
OH,Montgomery ,"531,687"
OH,Morgan ,"14,508"
OH,Morrow ,"35,328"
OH,Muskingum ,"86,215"
OH,Noble ,"14,424"
OH,Ottawa ,"40,525"
OH,Paulding ,"18,672"
OH,Perry ,"36,134"
OH,Pickaway ,"58,457"
OH,Pike ,"27,772"
OH,Portage ,"162,466"
OH,Preble ,"40,882"
OH,Putnam ,"33,861"
OH,Richland ,"121,154"
OH,Ross ,"76,666"
OH,Sandusky ,"58,518"
OH,Scioto ,"75,314"
OH,Seneca ,"55,178"
OH,Shelby ,"48,590"
OH,Stark ,"370,606"
OH,Summit ,"541,013"
OH,Trumbull ,"197,974"
OH,Tuscarawas ,"91,987"
OH,Union ,"58,988"
OH,Van Wert ,"28,275"
OH,Vinton ,"13,085"
OH,Warren ,"234,602"
OH,Washington ,"59,911"
OH,Wayne ,"115,710"
OH,Williams ,"36,692"
OH,Wood ,"130,817"
OH,Wyandot ,"21,772"
OK,Adair ,"22,194"
OK,Alfalfa ,"5,702"
OK,Atoka ,"13,758"
OK,Beaver ,"5,311"
OK,Beckham ,"21,859"
OK,Blaine ,"9,429"
OK,Bryan ,"47,995"
OK,Caddo ,"28,762"
OK,Canadian ,"148,306"
OK,Carter ,"48,111"
OK,Cherokee ,"48,657"
OK,Choctaw ,"14,672"
OK,Cimarron ,"2,137"
OK,Cleveland ,"284,014"
OK,Coal ,"5,495"
OK,Comanche ,"120,749"
OK,Cotton ,"5,666"
OK,Craig ,"14,142"
OK,Creek ,"71,522"
OK,Custer ,"29,003"
OK,Delaware ,"43,009"
OK,Dewey ,"4,891"
OK,Ellis ,"3,859"
OK,Garfield ,"61,056"
OK,Garvin ,"27,711"
OK,Grady ,"55,834"
OK,Grant ,"4,333"
OK,Greer ,"5,712"
OK,Harmon ,"2,653"
OK,Harper ,"3,688"
OK,Haskell ,"12,627"
OK,Hughes ,"13,279"
OK,Jackson ,"24,530"
OK,Jefferson ,"6,002"
OK,Johnston ,"11,085"
OK,Kay ,"43,538"
OK,Kingfisher ,"15,765"
OK,Kiowa ,"8,708"
OK,Latimer ,"10,073"
OK,Le Flore ,"49,853"
OK,Lincoln ,"34,877"
OK,Logan ,"48,011"
OK,Love ,"10,253"
OK,McClain ,"40,474"
OK,McCurtain ,"32,832"
OK,McIntosh ,"19,596"
OK,Major ,"7,629"
OK,Marshall ,"16,931"
OK,Mayes ,"41,100"
OK,Murray ,"14,073"
OK,Muskogee ,"67,997"
OK,Noble ,"11,131"
OK,Nowata ,"10,076"
OK,Okfuskee ,"11,993"
OK,Oklahoma ,"797,434"
OK,Okmulgee ,"38,465"
OK,Osage ,"46,963"
OK,Ottawa ,"31,127"
OK,Pawnee ,"16,376"
OK,Payne ,"81,784"
OK,Pittsburg ,"43,654"
OK,Pontotoc ,"38,284"
OK,Pottawatomie ,"72,592"
OK,Pushmataha ,"11,096"
OK,Roger Mills ,"3,583"
OK,Rogers ,"92,459"
OK,Seminole ,"24,258"
OK,Sequoyah ,"41,569"
OK,Stephens ,"43,143"
OK,Texas ,"19,983"
OK,Tillman ,"7,250"
OK,Tulsa ,"651,552"
OK,Wagoner ,"81,289"
OK,Washington ,"51,527"
OK,Washita ,"10,916"
OK,Woods ,"8,793"
OK,Woodward ,"20,211"
OR,Baker ,"16,124"
OR,Benton ,"93,053"
OR,Clackamas ,"418,187"
OR,Clatsop ,"40,224"
OR,Columbia ,"52,354"
OR,Coos ,"64,487"
OR,Crook ,"24,404"
OR,Curry ,"22,925"
OR,Deschutes ,"197,692"
OR,Douglas ,"110,980"
OR,Gilliam ,"1,912"
OR,Grant ,"7,199"
OR,Harney ,"7,393"
OR,Hood River ,"23,382"
OR,Jackson ,"220,944"
OR,Jefferson ,"24,658"
OR,Josephine ,"87,487"
OR,Klamath ,"68,238"
OR,Lake ,"7,869"
OR,Lane ,"382,067"
OR,Lincoln ,"49,962"
OR,Linn ,"129,749"
OR,Malheur ,"30,571"
OR,Marion ,"347,818"
OR,Morrow ,"11,603"
OR,Multnomah ,"812,855"
OR,Polk ,"86,085"
OR,Sherman ,"1,780"
OR,Tillamook ,"27,036"
OR,Umatilla ,"77,950"
OR,Union ,"26,835"
OR,Wallowa ,"7,208"
OR,Wasco ,"26,682"
OR,Washington ,"601,592"
OR,Wheeler ,"1,332"
OR,Yamhill ,"107,100"
PA,Adams ,"103,009"
PA,Allegheny ,"1,216,045"
PA,Armstrong ,"64,735"
PA,Beaver ,"163,929"
PA,Bedford ,"47,888"
PA,Berks ,"421,164"
PA,Blair ,"121,829"
PA,Bradford ,"60,323"
PA,Bucks ,"628,270"
PA,Butler ,"187,853"
PA,Cambria ,"130,192"
PA,Cameron ,"4,447"
PA,Carbon ,"64,182"
PA,Centre ,"162,385"
PA,Chester ,"524,989"
PA,Clarion ,"38,438"
PA,Clearfield ,"79,255"
PA,Clinton ,"38,632"
PA,Columbia ,"64,964"
PA,Crawford ,"84,629"
PA,Cumberland ,"253,370"
PA,Dauphin ,"278,299"
PA,Delaware ,"566,747"
PA,Elk ,"29,910"
PA,Erie ,"269,728"
PA,Fayette ,"129,274"
PA,Forest ,"7,247"
PA,Franklin ,"155,027"
PA,Fulton ,"14,530"
PA,Greene ,"36,233"
PA,Huntingdon ,"45,144"
PA,Indiana ,"84,073"
PA,Jefferson ,"43,425"
PA,Juniata ,"24,763"
PA,Lackawanna ,"209,674"
PA,Lancaster ,"545,724"
PA,Lawrence ,"85,512"
PA,Lebanon ,"141,793"
PA,Lehigh ,"369,318"
PA,Luzerne ,"317,417"
PA,Lycoming ,"113,299"
PA,McKean ,"40,625"
PA,Mercer ,"109,424"
PA,Mifflin ,"46,138"
PA,Monroe ,"170,271"
PA,Montgomery ,"830,915"
PA,Montour ,"18,230"
PA,Northampton ,"305,285"
PA,Northumberland ,"90,843"
PA,Perry ,"46,272"
PA,Philadelphia ,"1,584,064"
PA,Pike ,"55,809"
PA,Potter ,"16,526"
PA,Schuylkill ,"141,359"
PA,Snyder ,"40,372"
PA,Somerset ,"73,447"
PA,Sullivan ,"6,066"
PA,Susquehanna ,"40,328"
PA,Tioga ,"40,591"
PA,Union ,"44,923"
PA,Venango ,"50,668"
PA,Warren ,"39,191"
PA,Washington ,"206,865"
PA,Wayne ,"51,361"
PA,Westmoreland ,"348,899"
PA,Wyoming ,"26,794"
PA,York ,"449,058"
RI,Bristol ,"48,479"
RI,Kent ,"164,292"
RI,Newport ,"82,082"
RI,Providence ,"638,931"
RI,Washington ,"125,577"
SC,Abbeville ,"24,527"
SC,Aiken ,"170,872"
SC,Allendale ,"8,688"
SC,Anderson ,"202,558"
SC,Bamberg ,"14,066"
SC,Barnwell ,"20,866"
SC,Beaufort ,"192,122"
SC,Berkeley ,"227,907"
SC,Calhoun ,"14,553"
SC,Charleston ,"411,406"
SC,Cherokee ,"57,300"
SC,Chester ,"32,244"
SC,Chesterfield ,"45,650"
SC,Clarendon ,"33,745"
SC,Colleton ,"37,677"
SC,Darlington ,"66,618"
SC,Dillon ,"30,479"
SC,Dorchester ,"162,809"
SC,Edgefield ,"27,260"
SC,Fairfield ,"22,347"
SC,Florence ,"138,293"
SC,Georgetown ,"62,680"
SC,Greenville ,"523,542"
SC,Greenwood ,"70,811"
SC,Hampton ,"19,222"
SC,Horry ,"354,081"
SC,Jasper ,"30,073"
SC,Kershaw ,"66,551"
SC,Lancaster ,"98,012"
SC,Laurens ,"67,493"
SC,Lee ,"16,828"
SC,Lexington ,"298,750"
SC,McCormick ,"9,463"
SC,Marion ,"30,657"
SC,Marlboro ,"26,118"
SC,Newberry ,"38,440"
SC,Oconee ,"79,546"
SC,Orangeburg ,"86,175"
SC,Pickens ,"126,884"
SC,Richland ,"415,759"
SC,Saluda ,"20,473"
SC,Spartanburg ,"319,785"
SC,Sumter ,"106,721"
SC,Union ,"27,316"
SC,Williamsburg ,"30,368"
SC,York ,"280,979"
SD,Aurora ,"2,751"
SD,Beadle ,"18,453"
SD,Bennett ,"3,365"
SD,Bon Homme ,"6,901"
SD,Brookings ,"35,077"
SD,Brown ,"38,839"
SD,Brule ,"5,297"
SD,Buffalo ,"1,962"
SD,Butte ,"10,429"
SD,Campbell ,"1,376"
SD,Charles Mix ,"9,292"
SD,Clark ,"3,736"
SD,Clay ,"14,070"
SD,Codington ,"28,009"
SD,Corson ,"4,086"
SD,Custer ,"8,972"
SD,Davison ,"19,775"
SD,Day ,"5,424"
SD,Deuel ,"4,351"
SD,Dewey ,"5,892"
SD,Douglas ,"2,921"
SD,Edmunds ,"3,829"
SD,Fall River ,"6,713"
SD,Faulk ,"2,299"
SD,Grant ,"7,052"
SD,Gregory ,"4,185"
SD,Haakon ,"1,899"
SD,Hamlin ,"6,164"
SD,Hand ,"3,191"
SD,Hanson ,"3,453"
SD,Harding ,"1,298"
SD,Hughes ,"17,526"
SD,Hutchinson ,"7,291"
SD,Hyde ,"1,301"
SD,Jackson ,"3,344"
SD,Jerauld ,"2,013"
SD,Jones ,903
SD,Kingsbury ,"4,939"
SD,Lake ,"12,797"
SD,Lawrence ,"25,844"
SD,Lincoln ,"61,128"
SD,Lyman ,"3,781"
SD,McCook ,"5,586"
SD,McPherson ,"2,379"
SD,Marshall ,"4,935"
SD,Meade ,"28,332"
SD,Mellette ,"2,061"
SD,Miner ,"2,216"
SD,Minnehaha ,"193,134"
SD,Moody ,"6,576"
SD,Oglala Lakota ,"14,177"
SD,Pennington ,"113,775"
SD,Perkins ,"2,865"
SD,Potter ,"2,153"
SD,Roberts ,"10,394"
SD,Sanborn ,"2,344"
SD,Spink ,"6,376"
SD,Stanley ,"3,098"
SD,Sully ,"1,391"
SD,Todd ,"10,177"
SD,Tripp ,"5,441"
SD,Turner ,"8,384"
SD,Union ,"15,932"
SD,Walworth ,"5,435"
SD,Yankton ,"22,814"
SD,Ziebach ,"2,756"
TN,Anderson ,"76,978"
TN,Bedford ,"49,713"
TN,Benton ,"16,160"
TN,Bledsoe ,"15,064"
TN,Blount ,"133,088"
TN,Bradley ,"108,110"
TN,Campbell ,"39,842"
TN,Cannon ,"14,678"
TN,Carroll ,"27,767"
TN,Carter ,"56,391"
TN,Cheatham ,"40,667"
TN,Chester ,"17,297"
TN,Claiborne ,"31,959"
TN,Clay ,"7,615"
TN,Cocke ,"36,004"
TN,Coffee ,"56,520"
TN,Crockett ,"14,230"
TN,Cumberland ,"60,520"
TN,Davidson ,"694,144"
TN,Decatur ,"11,663"
TN,DeKalb ,"20,490"
TN,Dickson ,"53,948"
TN,Dyer ,"37,159"
TN,Fayette ,"41,133"
TN,Fentress ,"18,523"
TN,Franklin ,"42,208"
TN,Gibson ,"49,133"
TN,Giles ,"29,464"
TN,Grainger ,"23,320"
TN,Greene ,"69,069"
TN,Grundy ,"13,427"
TN,Hamblen ,"64,934"
TN,Hamilton ,"367,804"
TN,Hancock ,"6,620"
TN,Hardeman ,"25,050"
TN,Hardin ,"25,652"
TN,Hawkins ,"56,786"
TN,Haywood ,"17,304"
TN,Henderson ,"28,117"
TN,Henry ,"32,345"
TN,Hickman ,"25,178"
TN,Houston ,"8,201"
TN,Humphreys ,"18,582"
TN,Jackson ,"11,786"
TN,Jefferson ,"54,495"
TN,Johnson ,"17,788"
TN,Knox ,"470,313"
TN,Lake ,"7,016"
TN,Lauderdale ,"25,633"
TN,Lawrence ,"44,142"
TN,Lewis ,"12,268"
TN,Lincoln ,"34,366"
TN,Loudon ,"54,068"
TN,McMinn ,"53,794"
TN,McNairy ,"25,694"
TN,Macon ,"24,602"
TN,Madison ,"97,984"
TN,Marion ,"28,907"
TN,Marshall ,"34,375"
TN,Maury ,"96,387"
TN,Meigs ,"12,422"
TN,Monroe ,"46,545"
TN,Montgomery ,"208,993"
TN,Moore ,"6,488"
TN,Morgan ,"21,403"
TN,Obion ,"30,069"
TN,Overton ,"22,241"
TN,Perry ,"8,076"
TN,Pickett ,"5,048"
TN,Polk ,"16,832"
TN,Putnam ,"80,245"
TN,Rhea ,"33,167"
TN,Roane ,"53,382"
TN,Robertson ,"71,813"
TN,Rutherford ,"332,285"
TN,Scott ,"22,068"
TN,Sequatchie ,"15,026"
TN,Sevier ,"98,250"
TN,Shelby ,"937,166"
TN,Smith ,"20,157"
TN,Stewart ,"13,715"
TN,Sullivan ,"158,348"
TN,Sumner ,"191,283"
TN,Tipton ,"61,599"
TN,Trousdale ,"11,284"
TN,Unicoi ,"17,883"
TN,Union ,"19,972"
TN,Van Buren ,"5,872"
TN,Warren ,"41,277"
TN,Washington ,"129,375"
TN,Wayne ,"16,673"
TN,Weakley ,"33,328"
TN,White ,"27,345"
TN,Williamson ,"238,412"
TN,Wilson ,"144,657"
TX,Anderson ,"57,735"
TX,Andrews ,"18,705"
TX,Angelina ,"86,715"
TX,Aransas ,"23,510"
TX,Archer ,"8,553"
TX,Armstrong ,"1,887"
TX,Atascosa ,"51,153"
TX,Austin ,"30,032"
TX,Bailey ,"7,000"
TX,Bandera ,"23,112"
TX,Bastrop ,"88,723"
TX,Baylor ,"3,509"
TX,Bee ,"32,565"
TX,Bell ,"362,924"
TX,Bexar ,"2,003,554"
TX,Blanco ,"11,931"
TX,Borden ,654
TX,Bosque ,"18,685"
TX,Bowie ,"93,245"
TX,Brazoria ,"374,264"
TX,Brazos ,"229,211"
TX,Brewster ,"9,203"
TX,Briscoe ,"1,546"
TX,Brooks ,"7,093"
TX,Brown ,"37,864"
TX,Burleson ,"18,443"
TX,Burnet ,"48,155"
TX,Caldwell ,"43,664"
TX,Calhoun ,"21,290"
TX,Callahan ,"13,943"
TX,Cameron ,"423,163"
TX,Camp ,"13,094"
TX,Carson ,"5,926"
TX,Cass ,"30,026"
TX,Castro ,"7,530"
TX,Chambers ,"43,837"
TX,Cherokee ,"52,646"
TX,Childress ,"7,306"
TX,Clay ,"10,471"
TX,Cochran ,"2,853"
TX,Coke ,"3,387"
TX,Coleman ,"8,175"
TX,Collin ,"1,034,730"
TX,Collingsworth ,"2,920"
TX,Colorado ,"21,493"
TX,Comal ,"156,209"
TX,Comanche ,"13,635"
TX,Concho ,"2,726"
TX,Cooke ,"41,257"
TX,Coryell ,"75,951"
TX,Cottle ,"1,398"
TX,Crane ,"4,797"
TX,Crockett ,"3,464"
TX,Crosby ,"5,737"
TX,Culberson ,"2,171"
TX,Dallam ,"7,287"
TX,Dallas ,"2,635,516"
TX,Dawson ,"12,728"
TX,Deaf Smith ,"18,546"
TX,Delta ,"5,331"
TX,Denton ,"887,207"
TX,DeWitt ,"20,160"
TX,Dickens ,"2,211"
TX,Dimmit ,"10,124"
TX,Donley ,"3,278"
TX,Duval ,"11,157"
TX,Eastland ,"18,360"
TX,Ector ,"166,223"
TX,Edwards ,"1,932"
TX,Ellis ,"184,826"
TX,El Paso ,"839,238"
TX,Erath ,"42,698"
TX,Falls ,"17,297"
TX,Fannin ,"35,514"
TX,Fayette ,"25,346"
TX,Fisher ,"3,830"
TX,Floyd ,"5,712"
TX,Foard ,"1,155"
TX,Fort Bend ,"811,688"
TX,Franklin ,"10,725"
TX,Freestone ,"19,717"
TX,Frio ,"20,306"
TX,Gaines ,"21,492"
TX,Galveston ,"342,139"
TX,Garza ,"6,229"
TX,Gillespie ,"26,988"
TX,Glasscock ,"1,409"
TX,Goliad ,"7,658"
TX,Gonzales ,"20,837"
TX,Gray ,"21,886"
TX,Grayson ,"136,212"
TX,Gregg ,"123,945"
TX,Grimes ,"28,880"
TX,Guadalupe ,"166,847"
TX,Hale ,"33,406"
TX,Hall ,"2,964"
TX,Hamilton ,"8,461"
TX,Hansford ,"5,399"
TX,Hardeman ,"3,933"
TX,Hardin ,"57,602"
TX,Harris ,"4,713,325"
TX,Harrison ,"66,553"
TX,Hartley ,"5,576"
TX,Haskell ,"5,658"
TX,Hays ,"230,191"
TX,Hemphill ,"3,819"
TX,Henderson ,"82,737"
TX,Hidalgo ,"868,707"
TX,Hill ,"36,649"
TX,Hockley ,"23,021"
TX,Hood ,"61,643"
TX,Hopkins ,"37,084"
TX,Houston ,"22,968"
TX,Howard ,"36,664"
TX,Hudspeth ,"4,886"
TX,Hunt ,"98,594"
TX,Hutchinson ,"20,938"
TX,Irion ,"1,536"
TX,Jack ,"8,935"
TX,Jackson ,"14,760"
TX,Jasper ,"35,529"
TX,Jeff Davis ,"2,274"
TX,Jefferson ,"251,565"
TX,Jim Hogg ,"5,200"
TX,Jim Wells ,"40,482"
TX,Johnson ,"175,817"
TX,Jones ,"20,083"
TX,Karnes ,"15,601"
TX,Kaufman ,"136,154"
TX,Kendall ,"47,431"
TX,Kenedy ,404
TX,Kent ,762
TX,Kerr ,"52,600"
TX,Kimble ,"4,337"
TX,King ,272
TX,Kinney ,"3,667"
TX,Kleberg ,"30,680"
TX,Knox ,"3,664"
TX,Lamar ,"49,859"
TX,Lamb ,"12,893"
TX,Lampasas ,"21,428"
TX,La Salle ,"7,520"
TX,Lavaca ,"20,154"
TX,Lee ,"17,239"
TX,Leon ,"17,404"
TX,Liberty ,"88,219"
TX,Limestone ,"23,437"
TX,Lipscomb ,"3,233"
TX,Live Oak ,"12,207"
TX,Llano ,"21,795"
TX,Loving ,169
TX,Lubbock ,"310,569"
TX,Lynn ,"5,951"
TX,McCulloch ,"7,984"
TX,McLennan ,"256,623"
TX,McMullen ,743
TX,Madison ,"14,284"
TX,Marion ,"9,854"
TX,Martin ,"5,771"
TX,Mason ,"4,274"
TX,Matagorda ,"36,643"
TX,Maverick ,"58,722"
TX,Medina ,"51,584"
TX,Menard ,"2,138"
TX,Midland ,"176,832"
TX,Milam ,"24,823"
TX,Mills ,"4,873"
TX,Mitchell ,"8,545"
TX,Montague ,"19,818"
TX,Montgomery ,"607,391"
TX,Moore ,"20,940"
TX,Morris ,"12,388"
TX,Motley ,"1,200"
TX,Nacogdoches ,"65,204"
TX,Navarro ,"50,113"
TX,Newton ,"13,595"
TX,Nolan ,"14,714"
TX,Nueces ,"362,294"
TX,Ochiltree ,"9,836"
TX,Oldham ,"2,112"
TX,Orange ,"83,396"
TX,Palo Pinto ,"29,189"
TX,Panola ,"23,194"
TX,Parker ,"142,878"
TX,Parmer ,"9,605"
TX,Pecos ,"15,823"
TX,Polk ,"51,353"
TX,Potter ,"117,415"
TX,Presidio ,"6,704"
TX,Rains ,"12,514"
TX,Randall ,"137,713"
TX,Reagan ,"3,849"
TX,Real ,"3,452"
TX,Red River ,"12,023"
TX,Reeves ,"15,976"
TX,Refugio ,"6,948"
TX,Roberts ,854
TX,Robertson ,"17,074"
TX,Rockwall ,"104,915"
TX,Runnels ,"10,264"
TX,Rusk ,"54,406"
TX,Sabine ,"10,542"
TX,San Augustine ,"8,237"
TX,San Jacinto ,"28,859"
TX,San Patricio ,"66,730"
TX,San Saba ,"6,055"
TX,Schleicher ,"2,793"
TX,Scurry ,"16,703"
TX,Shackelford ,"3,265"
TX,Shelby ,"25,274"
TX,Sherman ,"3,022"
TX,Smith ,"232,751"
TX,Somervell ,"9,128"
TX,Starr ,"64,633"
TX,Stephens ,"9,366"
TX,Sterling ,"1,291"
TX,Stonewall ,"1,350"
TX,Sutton ,"3,776"
TX,Swisher ,"7,397"
TX,Tarrant ,"2,102,515"
TX,Taylor ,"138,034"
TX,Terrell ,776
TX,Terry ,"12,337"
TX,Throckmorton ,"1,501"
TX,Titus ,"32,750"
TX,Tom Green ,"119,200"
TX,Travis ,"1,273,954"
TX,Trinity ,"14,651"
TX,Tyler ,"21,672"
TX,Upshur ,"41,753"
TX,Upton ,"3,657"
TX,Uvalde ,"26,741"
TX,Val Verde ,"49,025"
TX,Van Zandt ,"56,590"
TX,Victoria ,"92,084"
TX,Walker ,"72,971"
TX,Waller ,"55,246"
TX,Ward ,"11,998"
TX,Washington ,"35,882"
TX,Webb ,"276,652"
TX,Wharton ,"41,556"
TX,Wheeler ,"5,056"
TX,Wichita ,"132,230"
TX,Wilbarger ,"12,769"
TX,Willacy ,"21,358"
TX,Williamson ,"590,551"
TX,Wilson ,"51,070"
TX,Winkler ,"8,010"
TX,Wise ,"69,984"
TX,Wood ,"45,539"
TX,Yoakum ,"8,713"
TX,Young ,"18,010"
TX,Zapata ,"14,179"
TX,Zavala ,"11,840"
UT,Beaver ,"6,710"
UT,Box Elder ,"56,046"
UT,Cache ,"128,289"
UT,Carbon ,"20,463"
UT,Daggett ,950
UT,Davis ,"355,481"
UT,Duchesne ,"19,938"
UT,Emery ,"10,012"
UT,Garfield ,"5,051"
UT,Grand ,"9,754"
UT,Iron ,"54,839"
UT,Juab ,"12,017"
UT,Kane ,"7,886"
UT,Millard ,"13,188"
UT,Morgan ,"12,124"
UT,Piute ,"1,479"
UT,Rich ,"2,483"
UT,Salt Lake ,"1,160,437"
UT,San Juan ,"15,308"
UT,Sanpete ,"30,939"
UT,Sevier ,"21,620"
UT,Summit ,"42,145"
UT,Tooele ,"72,259"
UT,Uintah ,"35,734"
UT,Utah ,"636,235"
UT,Wasatch ,"34,091"
UT,Washington ,"177,556"
UT,Wayne ,"2,711"
UT,Weber ,"260,213"
VA,Accomack ,"32,316"
VA,Albemarle ,"109,330"
VA,Alleghany ,"14,860"
VA,Amelia ,"13,145"
VA,Amherst ,"31,605"
VA,Appomattox ,"15,911"
VA,Arlington ,"236,842"
VA,Augusta ,"75,558"
VA,Bath ,"4,147"
VA,Bedford ,"78,997"
VA,Bland ,"6,280"
VA,Botetourt ,"33,419"
VA,Brunswick ,"16,231"
VA,Buchanan ,"21,004"
VA,Buckingham ,"17,148"
VA,Campbell ,"54,885"
VA,Caroline ,"30,725"
VA,Carroll ,"29,791"
VA,Charles City ,"6,963"
VA,Charlotte ,"11,880"
VA,Chesterfield ,"352,802"
VA,Clarke ,"14,619"
VA,Craig ,"5,131"
VA,Culpeper ,"52,605"
VA,Cumberland ,"9,932"
VA,Dickenson ,"14,318"
VA,Dinwiddie ,"28,544"
VA,Essex ,"10,953"
VA,Fairfax ,"1,147,532"
VA,Fauquier ,"71,222"
VA,Floyd ,"15,749"
VA,Fluvanna ,"27,270"
VA,Franklin ,"56,042"
VA,Frederick ,"89,313"
VA,Giles ,"16,720"
VA,Gloucester ,"37,348"
VA,Goochland ,"23,753"
VA,Grayson ,"15,550"
VA,Greene ,"19,819"
VA,Greensville ,"11,336"
VA,Halifax ,"33,911"
VA,Hanover ,"107,766"
VA,Henrico ,"330,818"
VA,Henry ,"50,557"
VA,Highland ,"2,190"
VA,Isle of Wight ,"37,109"
VA,James City ,"76,523"
VA,King and Queen ,"7,025"
VA,King George ,"26,836"
VA,King William ,"17,148"
VA,Lancaster ,"10,603"
VA,Lee ,"23,423"
VA,Loudoun ,"413,538"
VA,Louisa ,"37,591"
VA,Lunenburg ,"12,196"
VA,Madison ,"13,261"
VA,Mathews ,"8,834"
VA,Mecklenburg ,"30,587"
VA,Middlesex ,"10,582"
VA,Montgomery ,"98,535"
VA,Nelson ,"14,930"
VA,New Kent ,"23,091"
VA,Northampton ,"11,710"
VA,Northumberland ,"12,095"
VA,Nottoway ,"15,232"
VA,Orange ,"37,051"
VA,Page ,"23,902"
VA,Patrick ,"17,608"
VA,Pittsylvania ,"60,354"
VA,Powhatan ,"29,652"
VA,Prince Edward ,"22,802"
VA,Prince George ,"38,353"
VA,Prince William ,"470,335"
VA,Pulaski ,"34,027"
VA,Rappahannock ,"7,370"
VA,Richmond ,"9,023"
VA,Roanoke ,"94,186"
VA,Rockbridge ,"22,573"
VA,Rockingham ,"81,948"
VA,Russell ,"26,586"
VA,Scott ,"21,566"
VA,Shenandoah ,"43,616"
VA,Smyth ,"30,104"
VA,Southampton ,"17,631"
VA,Spotsylvania ,"136,215"
VA,Stafford ,"152,882"
VA,Surry ,"6,422"
VA,Sussex ,"11,159"
VA,Tazewell ,"40,595"
VA,Warren ,"40,164"
VA,Washington ,"53,740"
VA,Westmoreland ,"18,015"
VA,Wise ,"37,383"
VA,Wythe ,"28,684"
VA,York ,"68,280"
VA,Alexandria city,"159,428"
VA,Bristol city,"16,762"
VA,Buena Vista city,"6,478"
VA,Charlottesville city,"47,266"
VA,Chesapeake city,"244,835"
VA,Colonial Heights city,"17,370"
VA,Covington city,"5,538"
VA,Danville city,"40,044"
VA,Emporia city,"5,346"
VA,Fairfax city,"24,019"
VA,Falls Church city,"14,617"
VA,Franklin city,"7,967"
VA,Fredericksburg city,"29,036"
VA,Galax city,"6,347"
VA,Hampton city,"134,510"
VA,Harrisonburg city,"53,016"
VA,Hopewell city,"22,529"
VA,Lexington city,"7,446"
VA,Lynchburg city,"82,168"
VA,Manassas city,"41,085"
VA,Manassas Park city,"17,478"
VA,Martinsville city,"12,554"
VA,Newport News city,"179,225"
VA,Norfolk city,"242,742"
VA,Norton city,"3,981"
VA,Petersburg city,"31,346"
VA,Poquoson city,"12,271"
VA,Portsmouth city,"94,398"
VA,Radford city,"18,249"
VA,Richmond city,"230,436"
VA,Roanoke city,"99,143"
VA,Salem city,"25,301"
VA,Staunton city,"24,932"
VA,Suffolk city,"92,108"
VA,Virginia Beach city,"449,974"
VA,Waynesboro city,"22,630"
VA,Williamsburg city,"14,954"
VA,Winchester city,"28,078"
VT,Addison ,"36,777"
VT,Bennington ,"35,470"
VT,Caledonia ,"29,993"
VT,Chittenden ,"163,774"
VT,Essex ,"6,163"
VT,Franklin ,"49,402"
VT,Grand Isle ,"7,235"
VT,Lamoille ,"25,362"
VT,Orange ,"28,892"
VT,Orleans ,"27,037"
VT,Rutland ,"58,191"
VT,Washington ,"58,409"
VT,Windham ,"42,222"
VT,Windsor ,"55,062"
WA,Adams ,"19,983"
WA,Asotin ,"22,582"
WA,Benton ,"204,390"
WA,Chelan ,"77,200"
WA,Clallam ,"77,331"
WA,Clark ,"488,241"
WA,Columbia ,"3,985"
WA,Cowlitz ,"110,593"
WA,Douglas ,"43,429"
WA,Ferry ,"7,627"
WA,Franklin ,"95,222"
WA,Garfield ,"2,225"
WA,Grant ,"97,733"
WA,Grays Harbor ,"75,061"
WA,Island ,"85,141"
WA,Jefferson ,"32,221"
WA,King ,"2,252,782"
WA,Kitsap ,"271,473"
WA,Kittitas ,"47,935"
WA,Klickitat ,"22,425"
WA,Lewis ,"80,707"
WA,Lincoln ,"10,939"
WA,Mason ,"66,768"
WA,Okanogan ,"42,243"
WA,Pacific ,"22,471"
WA,Pend Oreille ,"13,724"
WA,Pierce ,"904,980"
WA,San Juan ,"17,582"
WA,Skagit ,"129,205"
WA,Skamania ,"12,083"
WA,Snohomish ,"822,083"
WA,Spokane ,"522,798"
WA,Stevens ,"45,723"
WA,Thurston ,"290,536"
WA,Wahkiakum ,"4,488"
WA,Walla Walla ,"60,760"
WA,Whatcom ,"229,247"
WA,Whitman ,"50,104"
WA,Yakima ,"250,873"
WI,Adams ,"20,220"
WI,Ashland ,"15,562"
WI,Barron ,"45,244"
WI,Bayfield ,"15,036"
WI,Brown ,"264,542"
WI,Buffalo ,"13,031"
WI,Burnett ,"15,414"
WI,Calumet ,"50,089"
WI,Chippewa ,"64,658"
WI,Clark ,"34,774"
WI,Columbia ,"57,532"
WI,Crawford ,"16,131"
WI,Dane ,"546,695"
WI,Dodge ,"87,839"
WI,Door ,"27,668"
WI,Douglas ,"43,150"
WI,Dunn ,"45,368"
WI,Eau Claire ,"104,646"
WI,Florence ,"4,295"
WI,Fond du Lac ,"103,403"
WI,Forest ,"9,004"
WI,Grant ,"51,439"
WI,Green ,"36,960"
WI,Green Lake ,"18,913"
WI,Iowa ,"23,678"
WI,Iron ,"5,687"
WI,Jackson ,"20,643"
WI,Jefferson ,"84,769"
WI,Juneau ,"26,687"
WI,Kenosha ,"169,561"
WI,Kewaunee ,"20,434"
WI,La Crosse ,"118,016"
WI,Lafayette ,"16,665"
WI,Langlade ,"19,189"
WI,Lincoln ,"27,593"
WI,Manitowoc ,"78,981"
WI,Marathon ,"135,692"
WI,Marinette ,"40,350"
WI,Marquette ,"15,574"
WI,Menominee ,"4,556"
WI,Milwaukee ,"945,726"
WI,Monroe ,"46,253"
WI,Oconto ,"37,930"
WI,Oneida ,"35,595"
WI,Outagamie ,"187,885"
WI,Ozaukee ,"89,221"
WI,Pepin ,"7,287"
WI,Pierce ,"42,754"
WI,Polk ,"43,783"
WI,Portage ,"70,772"
WI,Price ,"13,351"
WI,Racine ,"196,311"
WI,Richland ,"17,252"
WI,Rock ,"163,354"
WI,Rusk ,"14,178"
WI,St. Croix ,"90,687"
WI,Sauk ,"64,442"
WI,Sawyer ,"16,558"
WI,Shawano ,"40,899"
WI,Sheboygan ,"115,340"
WI,Taylor ,"20,343"
WI,Trempealeau ,"29,649"
WI,Vernon ,"30,822"
WI,Vilas ,"22,195"
WI,Walworth ,"103,868"
WI,Washburn ,"15,720"
WI,Washington ,"136,034"
WI,Waukesha ,"404,198"
WI,Waupaca ,"50,990"
WI,Waushara ,"24,443"
WI,Winnebago ,"171,907"
WI,Wood ,"72,999"
WV,Barbour ,"16,441"
WV,Berkeley ,"119,171"
WV,Boone ,"21,457"
WV,Braxton ,"13,957"
WV,Brooke ,"21,939"
WV,Cabell ,"91,945"
WV,Calhoun ,"7,109"
WV,Clay ,"8,508"
WV,Doddridge ,"8,448"
WV,Fayette ,"42,406"
WV,Gilmer ,"7,823"
WV,Grant ,"11,568"
WV,Greenbrier ,"34,662"
WV,Hampshire ,"23,175"
WV,Hancock ,"28,810"
WV,Hardy ,"13,776"
WV,Harrison ,"67,256"
WV,Jackson ,"28,576"
WV,Jefferson ,"57,146"
WV,Kanawha ,"178,124"
WV,Lewis ,"15,907"
WV,Lincoln ,"20,409"
WV,Logan ,"32,019"
WV,McDowell ,"17,624"
WV,Marion ,"56,072"
WV,Marshall ,"30,531"
WV,Mason ,"26,516"
WV,Mercer ,"58,758"
WV,Mineral ,"26,868"
WV,Mingo ,"23,424"
WV,Monongalia ,"105,612"
WV,Monroe ,"13,275"
WV,Morgan ,"17,884"
WV,Nicholas ,"24,496"
WV,Ohio ,"41,411"
WV,Pendleton ,"6,969"
WV,Pleasants ,"7,460"
WV,Pocahontas ,"8,247"
WV,Preston ,"33,432"
WV,Putnam ,"56,450"
WV,Raleigh ,"73,361"
WV,Randolph ,"28,695"
WV,Ritchie ,"9,554"
WV,Roane ,"13,688"
WV,Summers ,"12,573"
WV,Taylor ,"16,695"
WV,Tucker ,"6,839"
WV,Tyler ,"8,591"
WV,Upshur ,"24,176"
WV,Wayne ,"39,402"
WV,Webster ,"8,114"
WV,Wetzel ,"15,065"
WV,Wirt ,"5,821"
WV,Wood ,"83,518"
WV,Wyoming ,"20,394"
WY,Albany ,"38,880"
WY,Big Horn ,"11,790"
WY,Campbell ,"46,341"
WY,Carbon ,"14,800"
WY,Converse ,"13,822"
WY,Crook ,"7,584"
WY,Fremont ,"39,261"
WY,Goshen ,"13,211"
WY,Hot Springs ,"4,413"
WY,Johnson ,"8,445"
WY,Laramie ,"99,500"
WY,Lincoln ,"19,830"
WY,Natrona ,"79,858"
WY,Niobrara ,"2,356"
WY,Park ,"29,194"
WY,Platte ,"8,393"
WY,Sheridan ,"30,485"
WY,Sublette ,"9,831"
WY,Sweetwater ,"42,343"
WY,Teton ,"23,464"
WY,Uinta ,"20,226"
WY,Washakie ,"7,805"
WY,Weston ,"6,927"
